-- MySQL dump 10.13  Distrib 8.0.40, for Win64 (x86_64)
--
-- Host: 127.0.0.1    Database: minhacotacao
-- ------------------------------------------------------
-- Server version	8.0.40

/*!40101 SET @OLD_CHARACTER_SET_CLIENT=@@CHARACTER_SET_CLIENT */;
/*!40101 SET @OLD_CHARACTER_SET_RESULTS=@@CHARACTER_SET_RESULTS */;
/*!40101 SET @OLD_COLLATION_CONNECTION=@@COLLATION_CONNECTION */;
/*!50503 SET NAMES utf8 */;
/*!40103 SET @OLD_TIME_ZONE=@@TIME_ZONE */;
/*!40103 SET TIME_ZONE='+00:00' */;
/*!40014 SET @OLD_UNIQUE_CHECKS=@@UNIQUE_CHECKS, UNIQUE_CHECKS=0 */;
/*!40014 SET @OLD_FOREIGN_KEY_CHECKS=@@FOREIGN_KEY_CHECKS, FOREIGN_KEY_CHECKS=0 */;
/*!40101 SET @OLD_SQL_MODE=@@SQL_MODE, SQL_MODE='NO_AUTO_VALUE_ON_ZERO' */;
/*!40111 SET @OLD_SQL_NOTES=@@SQL_NOTES, SQL_NOTES=0 */;

--
-- Table structure for table `additional_items`
--

DROP TABLE IF EXISTS `additional_items`;
/*!40101 SET @saved_cs_client     = @@character_set_client */;
/*!50503 SET character_set_client = utf8mb4 */;
CREATE TABLE `additional_items` (
  `id` bigint unsigned NOT NULL AUTO_INCREMENT,
  `descricao` varchar(255) CHARACTER SET utf8mb4 COLLATE utf8mb4_unicode_ci NOT NULL,
  `price` decimal(10,2) NOT NULL,
  `is_cliche_price` tinyint(1) NOT NULL DEFAULT '0',
  `created_at` timestamp NULL DEFAULT NULL,
  `updated_at` timestamp NULL DEFAULT NULL,
  `empresa_id` bigint unsigned NOT NULL DEFAULT '1',
  PRIMARY KEY (`id`),
  KEY `aditional_items_empresa_id_foreign` (`empresa_id`),
  CONSTRAINT `aditional_items_empresa_id_foreign` FOREIGN KEY (`empresa_id`) REFERENCES `empresas` (`id`) ON DELETE CASCADE
) ENGINE=InnoDB AUTO_INCREMENT=101 DEFAULT CHARSET=utf8mb4 COLLATE=utf8mb4_unicode_ci;
/*!40101 SET character_set_client = @saved_cs_client */;

--
-- Dumping data for table `additional_items`
--

LOCK TABLES `additional_items` WRITE;
/*!40000 ALTER TABLE `additional_items` DISABLE KEYS */;
INSERT INTO `additional_items` VALUES (1,'Bordado lateral ou traseiro (telefone, endereço, 1 bandeira ou frases)',0.80,0,NULL,NULL,1),(2,'Bordado lateral ou traseiro (Logotipo)',1.16,0,NULL,NULL,1),(3,'Bordado frontal sem EVA (até 7000 pontos)',1.52,0,NULL,NULL,1),(4,'Bordado frontal com EVA (até 7000 pontos)',2.13,0,NULL,NULL,1),(5,'Aplique de patch bordado com silk relevo / DTF (Frontal)',3.28,0,NULL,NULL,1),(6,'Aplique de patch queimado a laser (Frontal e lateral)',2.54,0,NULL,NULL,1),(7,'Aplique de patch bordado com silk relevo / DTF (Lateral)',2.54,0,NULL,NULL,1),(8,'Aplique de patch bordado (Lateral)',2.54,0,NULL,NULL,1),(9,'Costura na aba (cada)',0.09,0,NULL,NULL,1),(10,'Ilhos bordado (Unidade)',0.12,0,NULL,'2025-03-14 13:46:12',1),(11,'Ilhos oval',0.36,0,NULL,'2025-03-14 13:45:57',1),(12,'Fivela personalizada (Cliché)',780.00,1,NULL,NULL,1),(13,'Fivela personalizada (mínimo 1000 un)',0.30,0,NULL,NULL,1),(14,'Espelho de micro',0.70,0,NULL,NULL,1),(15,'Espelho de micro personalizado',1.50,0,NULL,NULL,1),(16,'Aba com Puído (Rasgado)',1.45,0,NULL,NULL,1),(17,'Aba sanduíche',0.29,0,NULL,NULL,1),(18,'Laterais e traseiro furado no laser',3.63,0,NULL,NULL,1),(19,'Silk relevo frontal abaixo de 100 un',2.00,0,NULL,NULL,1),(20,'Silk relevo frontal acima de 100 un',1.70,0,NULL,NULL,1),(21,'Silk relevo frontal acima de 5 cores e abaixo de 100 un',3.00,0,NULL,NULL,1),(22,'Silk relevo frontal acima de 5 cores e acima de 100 un',2.50,0,NULL,NULL,1),(23,'Silk relevo lateral / traseiro no tecido abaixo de 100 un',1.40,0,NULL,NULL,1),(24,'Silk relevo lateral / traseiro no tecido acima de 100 un',1.20,0,NULL,NULL,1),(25,'Silk relevo na tela abaixo de 100 un',1.70,0,NULL,NULL,1),(26,'Silk relevo na tela acima de 100 un',1.50,0,NULL,NULL,1),(27,'Silk relevo frontal + 1 lateral ou traseiro em tecido abaixo de 100 un',3.00,0,NULL,NULL,1),(28,'Silk relevo frontal + 1 lateral ou traseiro em tecido acima de 100 un',2.60,0,NULL,NULL,1),(29,'Silk relevo na DUAS LATERAIS de tela abaixo de 100 un',2.70,0,NULL,NULL,1),(30,'Silk relevo na DUAS LATERAIS de tela acima de 100 un',2.30,0,NULL,NULL,1),(31,'Silk relevo frontal + 2 laterais ou traseiras abaixo de 100 un',3.20,0,NULL,NULL,1),(32,'Silk relevo frontal + 2 laterais ou traseiras acima de 100 un',2.80,0,NULL,NULL,1),(33,'Silk relevo frontal + 1 lateral ou traseiro na tela',3.20,0,NULL,NULL,1),(34,'Silk relevo frontal + 2 laterais ou traseiro na tela',3.80,0,NULL,NULL,1),(35,'Silk comum (boné todo)',0.85,0,NULL,NULL,1),(36,'Fecho de arreata com passante',0.73,0,NULL,'2025-03-14 13:49:43',1),(37,'Impressão DTF lateral / traseiro',0.90,0,NULL,NULL,1),(38,'Impressão DTF frontal',1.30,0,NULL,NULL,1),(39,'Viés personalizado acima de 200 un',0.85,0,NULL,'2025-03-14 13:42:34',1),(40,'Fecho de Arreata + fivela lisa',0.80,0,NULL,'2025-03-14 13:49:49',1),(41,'Fecho de Velcro',0.40,0,NULL,NULL,1),(42,'Arreata + esconderijo na carneira',1.00,0,NULL,'2025-03-14 13:49:14',1),(43,'Carneira P5 na cor do boné (abaixo de 300 un)',1.50,0,NULL,'2025-03-14 13:48:11',1),(44,'Carneira P5 na cor do boné (acima de 300 un)',0.80,0,NULL,'2025-03-14 13:48:22',1),(45,'Tela Brannil',0.90,0,NULL,NULL,1),(46,'Saia para chapéu / boné (brim pesado)',2.50,0,NULL,'2025-04-04 19:42:36',1),(47,'Saia para chapéu / boné (brim leve)',2.10,0,NULL,'2025-04-04 19:48:53',1),(48,'Saia para chapéu / boné (microfibra)',1.90,0,NULL,NULL,1),(49,'Forro de brim para chapéu',1.20,0,NULL,'2025-04-04 19:41:38',1),(50,'Forro de micro para chapéu',0.53,0,NULL,NULL,1),(51,'Aba com Puído (Rasgado)',1.45,0,'2025-06-16 13:41:40','2025-06-16 13:41:40',2),(52,'Aba sanduíche',0.29,0,'2025-06-16 13:41:57','2025-06-16 13:41:57',2),(53,'Aplique de patch bordado (Lateral)',2.54,0,'2025-06-16 13:42:07','2025-06-16 13:42:07',2),(54,'Aplique de patch bordado com silk relevo / DTF (Frontal)',3.28,0,'2025-06-16 13:42:19','2025-06-16 13:42:19',2),(55,'Aplique de patch bordado com silk relevo / DTF (Lateral)',2.54,0,'2025-06-16 13:42:44','2025-06-16 13:42:44',2),(56,'Aplique de patch queimado a laser (Frontal e lateral)',2.54,0,'2025-06-16 13:42:53','2025-06-16 13:42:53',2),(57,'Arreata + esconderijo na carneira',1.00,0,'2025-06-16 13:43:08','2025-06-16 13:43:08',2),(58,'Bordado frontal com EVA (até 7000 pontos)',2.13,0,'2025-06-16 13:43:21','2025-06-16 13:43:21',2),(59,'Bordado frontal sem EVA (até 7000 pontos)',1.52,0,'2025-06-16 13:43:34','2025-06-16 13:43:34',2),(60,'Bordado lateral ou traseiro (Logotipo)',1.16,0,'2025-06-16 13:43:49','2025-06-16 13:43:49',2),(61,'Bordado lateral ou traseiro (telefone, endereço, 1 bandeira ou frases)',0.80,0,'2025-06-16 13:44:07','2025-06-16 13:44:07',2),(62,'Carneira P5 na cor do boné (abaixo de 300 un)',1.50,0,'2025-06-16 13:44:16','2025-06-16 13:44:16',2),(63,'Carneira P5 na cor do boné (acima de 300 un)',0.80,0,'2025-06-16 13:44:53','2025-06-16 13:44:53',2),(64,'Costura na aba (cada)',0.09,0,'2025-06-16 13:45:17','2025-06-16 13:45:17',2),(65,'Espelho de micro',0.70,0,'2025-06-16 13:45:26','2025-06-16 13:45:26',2),(66,'Espelho de micro personalizado',1.50,0,'2025-06-16 13:45:35','2025-06-16 13:45:35',2),(67,'Fecho de Arreata + fivela lisa',0.80,0,'2025-06-16 13:45:51','2025-06-16 13:45:51',2),(68,'Fecho de arreata com passante',0.73,0,'2025-06-16 13:46:00','2025-06-16 13:46:00',2),(69,'Fecho de Velcro',0.40,0,'2025-06-16 13:46:08','2025-06-16 13:46:08',2),(70,'Fivela personalizada (Cliché)',780.00,1,'2025-06-16 13:46:19','2025-06-16 13:46:19',2),(71,'Fivela personalizada (mínimo 1000 un)',0.30,0,'2025-06-16 13:46:29','2025-06-16 13:46:29',2),(72,'Forro de brim para chapéu',1.20,0,'2025-06-16 13:46:37','2025-06-16 13:46:37',2),(73,'Forro de micro para chapéu',0.53,0,'2025-06-16 13:46:48','2025-06-16 13:46:48',2),(74,'Ilhos bordado (Unidade)',0.12,0,'2025-06-16 13:46:58','2025-06-16 13:46:58',2),(75,'Ilhos oval',0.36,0,'2025-06-16 13:47:06','2025-06-16 13:47:06',2),(76,'Impressão DTF frontal',1.30,0,'2025-06-16 13:47:17','2025-06-16 13:47:17',2),(77,'Impressão DTF lateral / traseiro',0.90,0,'2025-06-16 13:47:25','2025-06-16 13:47:25',2),(78,'Laterais e traseiro furado no laser',3.63,0,'2025-06-16 13:47:37','2025-06-16 13:47:37',2),(79,'Saia para chapéu / boné (brim leve)',2.10,0,'2025-06-16 13:47:44','2025-06-16 13:47:44',2),(80,'Saia para chapéu / boné (brim pesado)',2.50,0,'2025-06-16 13:47:52','2025-06-16 13:47:52',2),(81,'Saia para chapéu / boné (microfibra)',1.90,0,'2025-06-16 13:48:00','2025-06-16 13:48:00',2),(82,'Silk comum (boné todo)',0.85,0,'2025-06-16 13:48:09','2025-06-16 13:48:09',2),(83,'Silk relevo frontal + 1 lateral ou traseiro em tecido abaixo de 100 un',3.00,0,'2025-06-16 13:48:25','2025-06-16 13:48:25',2),(84,'Silk relevo frontal + 1 lateral ou traseiro em tecido acima de 100 un',2.60,0,'2025-06-16 13:48:32','2025-06-16 13:48:32',2),(85,'Silk relevo frontal + 1 lateral ou traseiro na tela',3.20,0,'2025-06-16 13:48:40','2025-06-16 13:48:40',2),(86,'Silk relevo frontal + 2 laterais ou traseiras abaixo de 100 un',32.00,0,'2025-06-16 13:48:50','2025-06-16 13:48:50',2),(87,'Silk relevo frontal + 2 laterais ou traseiras acima de 100 un',2.80,0,'2025-06-16 13:48:59','2025-06-16 13:48:59',2),(88,'Silk relevo frontal + 2 laterais ou traseiro na tela',3.80,0,'2025-06-16 13:49:07','2025-06-16 13:49:07',2),(89,'Silk relevo frontal abaixo de 100 un',2.00,0,'2025-06-16 13:49:14','2025-06-16 13:49:14',2),(90,'Silk relevo frontal acima de 100 un',1.70,0,'2025-06-16 13:49:36','2025-06-16 13:49:36',2),(91,'Silk relevo frontal acima de 5 cores e abaixo de 100 un',3.00,0,'2025-06-16 13:49:43','2025-06-16 13:49:43',2),(92,'Silk relevo frontal acima de 5 cores e acima de 100 un',2.50,0,'2025-06-16 13:49:55','2025-06-16 13:49:55',2),(93,'Silk relevo lateral / traseiro no tecido abaixo de 100 un',1.40,0,'2025-06-16 13:50:04','2025-06-16 13:50:04',2),(94,'Silk relevo lateral / traseiro no tecido acima de 100 un',1.20,0,'2025-06-16 13:50:12','2025-06-16 13:50:12',2),(95,'Silk relevo na DUAS LATERAIS de tela abaixo de 100 un',2.70,0,'2025-06-16 13:50:22','2025-06-16 13:50:22',2),(96,'Silk relevo na DUAS LATERAIS de tela acima de 100 un',2.30,0,'2025-06-16 13:50:31','2025-06-16 13:50:31',2),(97,'Silk relevo na tela abaixo de 100 un',1.70,0,'2025-06-16 13:50:41','2025-06-16 13:50:41',2),(98,'Silk relevo na tela acima de 100 un',1.50,0,'2025-06-16 13:50:47','2025-06-16 13:50:47',2),(99,'Tela Brannil',0.90,0,'2025-06-16 13:50:58','2025-06-16 13:50:58',2),(100,'Viés personalizado acima de 200 un',0.85,0,'2025-06-16 13:51:04','2025-06-16 13:51:04',2);
/*!40000 ALTER TABLE `additional_items` ENABLE KEYS */;
UNLOCK TABLES;

--
-- Table structure for table `admins`
--

DROP TABLE IF EXISTS `admins`;
/*!40101 SET @saved_cs_client     = @@character_set_client */;
/*!50503 SET character_set_client = utf8mb4 */;
CREATE TABLE `admins` (
  `id` bigint unsigned NOT NULL AUTO_INCREMENT,
  `name` varchar(255) CHARACTER SET utf8mb4 COLLATE utf8mb4_unicode_ci NOT NULL,
  `email` varchar(255) CHARACTER SET utf8mb4 COLLATE utf8mb4_unicode_ci NOT NULL,
  `email_verified_at` timestamp NULL DEFAULT NULL,
  `password` varchar(255) CHARACTER SET utf8mb4 COLLATE utf8mb4_unicode_ci NOT NULL,
  `remember_token` varchar(100) CHARACTER SET utf8mb4 COLLATE utf8mb4_unicode_ci DEFAULT NULL,
  `created_at` timestamp NULL DEFAULT NULL,
  `updated_at` timestamp NULL DEFAULT NULL,
  PRIMARY KEY (`id`),
  UNIQUE KEY `admins_email_unique` (`email`)
) ENGINE=InnoDB AUTO_INCREMENT=2 DEFAULT CHARSET=utf8mb4 COLLATE=utf8mb4_unicode_ci;
/*!40101 SET character_set_client = @saved_cs_client */;

--
-- Dumping data for table `admins`
--

LOCK TABLES `admins` WRITE;
/*!40000 ALTER TABLE `admins` DISABLE KEYS */;
INSERT INTO `admins` VALUES (1,'admin','admin@email.com','2025-03-13 05:54:19','$2y$12$rYWYbL5UliB4y1i0d3JwEOk809tq2kNGnm9wz6hxCID4NbAver5b6','tRqTMYITuH','2025-03-13 05:54:20','2025-03-13 05:54:20');
/*!40000 ALTER TABLE `admins` ENABLE KEYS */;
UNLOCK TABLES;

--
-- Table structure for table `cache`
--

DROP TABLE IF EXISTS `cache`;
/*!40101 SET @saved_cs_client     = @@character_set_client */;
/*!50503 SET character_set_client = utf8mb4 */;
CREATE TABLE `cache` (
  `key` varchar(255) CHARACTER SET utf8mb4 COLLATE utf8mb4_unicode_ci NOT NULL,
  `value` mediumtext CHARACTER SET utf8mb4 COLLATE utf8mb4_unicode_ci NOT NULL,
  `expiration` int NOT NULL,
  PRIMARY KEY (`key`)
) ENGINE=InnoDB DEFAULT CHARSET=utf8mb4 COLLATE=utf8mb4_unicode_ci;
/*!40101 SET character_set_client = @saved_cs_client */;

--
-- Dumping data for table `cache`
--

LOCK TABLES `cache` WRITE;
/*!40000 ALTER TABLE `cache` DISABLE KEYS */;
/*!40000 ALTER TABLE `cache` ENABLE KEYS */;
UNLOCK TABLES;

--
-- Table structure for table `cache_locks`
--

DROP TABLE IF EXISTS `cache_locks`;
/*!40101 SET @saved_cs_client     = @@character_set_client */;
/*!50503 SET character_set_client = utf8mb4 */;
CREATE TABLE `cache_locks` (
  `key` varchar(255) CHARACTER SET utf8mb4 COLLATE utf8mb4_unicode_ci NOT NULL,
  `owner` varchar(255) CHARACTER SET utf8mb4 COLLATE utf8mb4_unicode_ci NOT NULL,
  `expiration` int NOT NULL,
  PRIMARY KEY (`key`)
) ENGINE=InnoDB DEFAULT CHARSET=utf8mb4 COLLATE=utf8mb4_unicode_ci;
/*!40101 SET character_set_client = @saved_cs_client */;

--
-- Dumping data for table `cache_locks`
--

LOCK TABLES `cache_locks` WRITE;
/*!40000 ALTER TABLE `cache_locks` DISABLE KEYS */;
/*!40000 ALTER TABLE `cache_locks` ENABLE KEYS */;
UNLOCK TABLES;

--
-- Table structure for table `categories`
--

DROP TABLE IF EXISTS `categories`;
/*!40101 SET @saved_cs_client     = @@character_set_client */;
/*!50503 SET character_set_client = utf8mb4 */;
CREATE TABLE `categories` (
  `id` bigint unsigned NOT NULL AUTO_INCREMENT,
  `name` varchar(255) CHARACTER SET utf8mb4 COLLATE utf8mb4_unicode_ci NOT NULL,
  `created_at` timestamp NULL DEFAULT NULL,
  `updated_at` timestamp NULL DEFAULT NULL,
  `empresa_id` bigint unsigned NOT NULL DEFAULT '1',
  PRIMARY KEY (`id`),
  KEY `categories_empresa_id_foreign` (`empresa_id`),
  CONSTRAINT `categories_empresa_id_foreign` FOREIGN KEY (`empresa_id`) REFERENCES `empresas` (`id`) ON DELETE CASCADE
) ENGINE=InnoDB AUTO_INCREMENT=8 DEFAULT CHARSET=utf8mb4 COLLATE=utf8mb4_unicode_ci;
/*!40101 SET character_set_client = @saved_cs_client */;

--
-- Dumping data for table `categories`
--

LOCK TABLES `categories` WRITE;
/*!40000 ALTER TABLE `categories` DISABLE KEYS */;
INSERT INTO `categories` VALUES (1,'BONÉ','2025-03-13 05:57:07','2025-03-17 18:17:30',1),(3,'CHAPÉU','2025-03-13 13:02:24','2025-03-17 18:17:33',1),(4,'VISEIRA','2025-03-13 13:09:34','2025-03-13 13:09:34',1),(5,'BONÉ','2025-06-16 13:40:55','2025-06-16 13:40:55',2),(6,'CHAPÉU','2025-06-16 13:41:01','2025-06-16 13:41:01',2),(7,'VISEIRA','2025-06-16 13:41:07','2025-06-16 13:41:07',2);
/*!40000 ALTER TABLE `categories` ENABLE KEYS */;
UNLOCK TABLES;

--
-- Table structure for table `empresas`
--

DROP TABLE IF EXISTS `empresas`;
/*!40101 SET @saved_cs_client     = @@character_set_client */;
/*!50503 SET character_set_client = utf8mb4 */;
CREATE TABLE `empresas` (
  `id` bigint unsigned NOT NULL AUTO_INCREMENT,
  `name` varchar(255) CHARACTER SET utf8mb4 COLLATE utf8mb4_unicode_ci NOT NULL,
  `cnpj` varchar(255) CHARACTER SET utf8mb4 COLLATE utf8mb4_unicode_ci DEFAULT NULL,
  `email` varchar(255) CHARACTER SET utf8mb4 COLLATE utf8mb4_unicode_ci NOT NULL,
  `phone_number` varchar(255) CHARACTER SET utf8mb4 COLLATE utf8mb4_unicode_ci NOT NULL,
  `created_at` timestamp NULL DEFAULT NULL,
  `updated_at` timestamp NULL DEFAULT NULL,
  PRIMARY KEY (`id`)
) ENGINE=InnoDB AUTO_INCREMENT=3 DEFAULT CHARSET=utf8mb4 COLLATE=utf8mb4_unicode_ci;
/*!40101 SET character_set_client = @saved_cs_client */;

--
-- Dumping data for table `empresas`
--

LOCK TABLES `empresas` WRITE;
/*!40000 ALTER TABLE `empresas` DISABLE KEYS */;
INSERT INTO `empresas` VALUES (1,'UZI BONES PROMOCIONAIS LTDA','77.708.097/0001-16','financeiro@uzibones.com.br','(43) 99919-1597','2025-03-13 05:54:18','2025-03-30 11:09:51'),(2,'TESTE EMPRESA','06.935.165/0001-16','UZIBONESPROMOCIONAIS@GMAIL.COM','(43) 99919-1597','2025-06-16 13:07:17','2025-06-16 13:07:17');
/*!40000 ALTER TABLE `empresas` ENABLE KEYS */;
UNLOCK TABLES;

--
-- Table structure for table `failed_jobs`
--

DROP TABLE IF EXISTS `failed_jobs`;
/*!40101 SET @saved_cs_client     = @@character_set_client */;
/*!50503 SET character_set_client = utf8mb4 */;
CREATE TABLE `failed_jobs` (
  `id` bigint unsigned NOT NULL AUTO_INCREMENT,
  `uuid` varchar(255) CHARACTER SET utf8mb4 COLLATE utf8mb4_unicode_ci NOT NULL,
  `connection` text CHARACTER SET utf8mb4 COLLATE utf8mb4_unicode_ci NOT NULL,
  `queue` text CHARACTER SET utf8mb4 COLLATE utf8mb4_unicode_ci NOT NULL,
  `payload` longtext CHARACTER SET utf8mb4 COLLATE utf8mb4_unicode_ci NOT NULL,
  `exception` longtext CHARACTER SET utf8mb4 COLLATE utf8mb4_unicode_ci NOT NULL,
  `failed_at` timestamp NOT NULL DEFAULT CURRENT_TIMESTAMP,
  PRIMARY KEY (`id`),
  UNIQUE KEY `failed_jobs_uuid_unique` (`uuid`)
) ENGINE=InnoDB DEFAULT CHARSET=utf8mb4 COLLATE=utf8mb4_unicode_ci;
/*!40101 SET character_set_client = @saved_cs_client */;

--
-- Dumping data for table `failed_jobs`
--

LOCK TABLES `failed_jobs` WRITE;
/*!40000 ALTER TABLE `failed_jobs` DISABLE KEYS */;
/*!40000 ALTER TABLE `failed_jobs` ENABLE KEYS */;
UNLOCK TABLES;

--
-- Table structure for table `faixas_quantidade`
--

DROP TABLE IF EXISTS `faixas_quantidade`;
/*!40101 SET @saved_cs_client     = @@character_set_client */;
/*!50503 SET character_set_client = utf8mb4 */;
CREATE TABLE `faixas_quantidade` (
  `id` bigint unsigned NOT NULL AUTO_INCREMENT,
  `min_qtd` int unsigned NOT NULL,
  `max_qtd` int unsigned NOT NULL,
  `created_at` timestamp NULL DEFAULT NULL,
  `updated_at` timestamp NULL DEFAULT NULL,
  `empresa_id` bigint unsigned NOT NULL DEFAULT '1',
  PRIMARY KEY (`id`),
  KEY `faixas_quantidade_empresa_id_foreign` (`empresa_id`),
  CONSTRAINT `faixas_quantidade_empresa_id_foreign` FOREIGN KEY (`empresa_id`) REFERENCES `empresas` (`id`) ON DELETE CASCADE
) ENGINE=InnoDB AUTO_INCREMENT=27 DEFAULT CHARSET=utf8mb4 COLLATE=utf8mb4_unicode_ci;
/*!40101 SET character_set_client = @saved_cs_client */;

--
-- Dumping data for table `faixas_quantidade`
--

LOCK TABLES `faixas_quantidade` WRITE;
/*!40000 ALTER TABLE `faixas_quantidade` DISABLE KEYS */;
INSERT INTO `faixas_quantidade` VALUES (1,30,49,'2025-06-16 13:34:40','2025-06-16 13:34:40',1),(2,50,99,'2025-06-16 13:34:40','2025-06-16 13:34:40',1),(3,100,199,'2025-06-16 13:34:40','2025-06-16 13:34:40',1),(4,200,399,'2025-06-16 13:34:40','2025-06-16 13:34:40',1),(5,400,599,'2025-06-16 13:34:40','2025-06-16 13:34:40',1),(6,600,999,'2025-06-16 13:34:40','2025-06-16 13:34:40',1),(7,1000,1999,'2025-06-16 13:34:40','2025-06-16 13:34:40',1),(8,2000,2999,'2025-06-16 13:34:40','2025-06-16 13:34:40',1),(9,3000,3999,'2025-06-16 13:34:40','2025-06-16 13:34:40',1),(10,4000,4999,'2025-06-16 13:34:40','2025-06-16 13:34:40',1),(11,5000,7999,'2025-06-16 13:34:40','2025-06-16 13:34:40',1),(12,8000,10000,'2025-06-16 13:34:40','2025-06-16 13:34:40',1),(13,30,49,'2025-06-16 13:34:40','2025-06-16 13:34:40',2),(14,50,99,'2025-06-16 13:34:50','2025-06-16 13:34:50',2),(15,100,199,'2025-06-16 13:35:02','2025-06-16 13:35:02',2),(16,200,399,'2025-06-16 13:35:10','2025-06-16 13:35:10',2),(17,400,599,'2025-06-16 13:35:19','2025-06-16 13:35:19',2),(18,600,999,'2025-06-16 13:35:29','2025-06-16 13:35:29',2),(19,1000,1999,'2025-06-16 13:35:36','2025-06-16 13:35:36',2),(20,2000,2999,'2025-06-16 13:35:44','2025-06-16 13:35:44',2),(21,3000,3999,'2025-06-16 13:35:51','2025-06-16 13:35:51',2),(22,4000,4999,'2025-06-16 13:35:57','2025-06-16 13:35:57',2),(23,5000,7999,'2025-06-16 13:36:07','2025-06-16 13:36:07',2),(24,8000,10000,'2025-06-16 13:36:15','2025-06-16 13:36:15',2);
/*!40000 ALTER TABLE `faixas_quantidade` ENABLE KEYS */;
UNLOCK TABLES;

--
-- Table structure for table `job_batches`
--

DROP TABLE IF EXISTS `job_batches`;
/*!40101 SET @saved_cs_client     = @@character_set_client */;
/*!50503 SET character_set_client = utf8mb4 */;
CREATE TABLE `job_batches` (
  `id` varchar(255) CHARACTER SET utf8mb4 COLLATE utf8mb4_unicode_ci NOT NULL,
  `name` varchar(255) CHARACTER SET utf8mb4 COLLATE utf8mb4_unicode_ci NOT NULL,
  `total_jobs` int NOT NULL,
  `pending_jobs` int NOT NULL,
  `failed_jobs` int NOT NULL,
  `failed_job_ids` longtext CHARACTER SET utf8mb4 COLLATE utf8mb4_unicode_ci NOT NULL,
  `options` mediumtext CHARACTER SET utf8mb4 COLLATE utf8mb4_unicode_ci,
  `cancelled_at` int DEFAULT NULL,
  `created_at` int NOT NULL,
  `finished_at` int DEFAULT NULL,
  PRIMARY KEY (`id`)
) ENGINE=InnoDB DEFAULT CHARSET=utf8mb4 COLLATE=utf8mb4_unicode_ci;
/*!40101 SET character_set_client = @saved_cs_client */;

--
-- Dumping data for table `job_batches`
--

LOCK TABLES `job_batches` WRITE;
/*!40000 ALTER TABLE `job_batches` DISABLE KEYS */;
/*!40000 ALTER TABLE `job_batches` ENABLE KEYS */;
UNLOCK TABLES;

--
-- Table structure for table `jobs`
--

DROP TABLE IF EXISTS `jobs`;
/*!40101 SET @saved_cs_client     = @@character_set_client */;
/*!50503 SET character_set_client = utf8mb4 */;
CREATE TABLE `jobs` (
  `id` bigint unsigned NOT NULL AUTO_INCREMENT,
  `queue` varchar(255) CHARACTER SET utf8mb4 COLLATE utf8mb4_unicode_ci NOT NULL,
  `payload` longtext CHARACTER SET utf8mb4 COLLATE utf8mb4_unicode_ci NOT NULL,
  `attempts` tinyint unsigned NOT NULL,
  `reserved_at` int unsigned DEFAULT NULL,
  `available_at` int unsigned NOT NULL,
  `created_at` int unsigned NOT NULL,
  PRIMARY KEY (`id`),
  KEY `jobs_queue_index` (`queue`)
) ENGINE=InnoDB DEFAULT CHARSET=utf8mb4 COLLATE=utf8mb4_unicode_ci;
/*!40101 SET character_set_client = @saved_cs_client */;

--
-- Dumping data for table `jobs`
--

LOCK TABLES `jobs` WRITE;
/*!40000 ALTER TABLE `jobs` DISABLE KEYS */;
/*!40000 ALTER TABLE `jobs` ENABLE KEYS */;
UNLOCK TABLES;

--
-- Table structure for table `migrations`
--

DROP TABLE IF EXISTS `migrations`;
/*!40101 SET @saved_cs_client     = @@character_set_client */;
/*!50503 SET character_set_client = utf8mb4 */;
CREATE TABLE `migrations` (
  `id` int unsigned NOT NULL AUTO_INCREMENT,
  `migration` varchar(255) CHARACTER SET utf8mb4 COLLATE utf8mb4_unicode_ci NOT NULL,
  `batch` int NOT NULL,
  PRIMARY KEY (`id`)
) ENGINE=InnoDB AUTO_INCREMENT=107 DEFAULT CHARSET=utf8mb4 COLLATE=utf8mb4_unicode_ci;
/*!40101 SET character_set_client = @saved_cs_client */;

--
-- Dumping data for table `migrations`
--

LOCK TABLES `migrations` WRITE;
/*!40000 ALTER TABLE `migrations` DISABLE KEYS */;
INSERT INTO `migrations` VALUES (17,'2025_02_28_000921_create_quantity_ranges_table',1),(84,'0001_01_01_000000_create_users_table',2),(85,'0001_01_01_000001_create_cache_table',2),(86,'0001_01_01_000002_create_jobs_table',2),(87,'2025_02_22_231049_create_personal_access_tokens_table',2),(88,'2025_02_25_002146_create_admins_table',2),(89,'2025_02_28_000901_create_categories_table',2),(90,'2025_02_28_000902_create_products_table',2),(91,'2025_02_28_000921_create_faixas_quantidade_table',2),(92,'2025_02_28_000953_create_product_prices_table',2),(93,'2025_03_02_123359_create_aditional_items_table',2),(94,'2025_03_09_155747_add_role_to_users_table',2),(95,'2025_03_09_233253_create_empresas_table',2),(98,'2025_03_09_233909_add_empresa_id_to_users_table',3),(99,'2025_05_24_005138_add_empresa_id_to_categories_table',4),(100,'2025_05_24_005552_add_empresa_id_to_faixas_quantidade_table',5),(101,'2025_05_24_005603_add_empresa_id_to_aditional_items_table',5),(102,'2025_05_24_155805_remove_unique_from_categories_table',5),(103,'2025_06_19_232821_rename_aditional_items_to_additional_items',6),(104,'2025_07_03_022100_add_is_cliche_price_to_additional_items_table',6),(105,'2025_07_04_131404_add_empresa_id_to_products_table',7),(106,'2025_07_04_143843_add_empresa_id_to_product_prices_table',8);
/*!40000 ALTER TABLE `migrations` ENABLE KEYS */;
UNLOCK TABLES;

--
-- Table structure for table `password_reset_tokens`
--

DROP TABLE IF EXISTS `password_reset_tokens`;
/*!40101 SET @saved_cs_client     = @@character_set_client */;
/*!50503 SET character_set_client = utf8mb4 */;
CREATE TABLE `password_reset_tokens` (
  `email` varchar(255) CHARACTER SET utf8mb4 COLLATE utf8mb4_unicode_ci NOT NULL,
  `token` varchar(255) CHARACTER SET utf8mb4 COLLATE utf8mb4_unicode_ci NOT NULL,
  `created_at` timestamp NULL DEFAULT NULL,
  PRIMARY KEY (`email`)
) ENGINE=InnoDB DEFAULT CHARSET=utf8mb4 COLLATE=utf8mb4_unicode_ci;
/*!40101 SET character_set_client = @saved_cs_client */;

--
-- Dumping data for table `password_reset_tokens`
--

LOCK TABLES `password_reset_tokens` WRITE;
/*!40000 ALTER TABLE `password_reset_tokens` DISABLE KEYS */;
/*!40000 ALTER TABLE `password_reset_tokens` ENABLE KEYS */;
UNLOCK TABLES;

--
-- Table structure for table `personal_access_tokens`
--

DROP TABLE IF EXISTS `personal_access_tokens`;
/*!40101 SET @saved_cs_client     = @@character_set_client */;
/*!50503 SET character_set_client = utf8mb4 */;
CREATE TABLE `personal_access_tokens` (
  `id` bigint unsigned NOT NULL AUTO_INCREMENT,
  `tokenable_type` varchar(255) CHARACTER SET utf8mb4 COLLATE utf8mb4_unicode_ci NOT NULL,
  `tokenable_id` bigint unsigned NOT NULL,
  `name` varchar(255) CHARACTER SET utf8mb4 COLLATE utf8mb4_unicode_ci NOT NULL,
  `token` varchar(64) CHARACTER SET utf8mb4 COLLATE utf8mb4_unicode_ci NOT NULL,
  `abilities` text CHARACTER SET utf8mb4 COLLATE utf8mb4_unicode_ci,
  `last_used_at` timestamp NULL DEFAULT NULL,
  `expires_at` timestamp NULL DEFAULT NULL,
  `created_at` timestamp NULL DEFAULT NULL,
  `updated_at` timestamp NULL DEFAULT NULL,
  PRIMARY KEY (`id`),
  UNIQUE KEY `personal_access_tokens_token_unique` (`token`),
  KEY `personal_access_tokens_tokenable_type_tokenable_id_index` (`tokenable_type`,`tokenable_id`)
) ENGINE=InnoDB AUTO_INCREMENT=272 DEFAULT CHARSET=utf8mb4 COLLATE=utf8mb4_unicode_ci;
/*!40101 SET character_set_client = @saved_cs_client */;

--
-- Dumping data for table `personal_access_tokens`
--

LOCK TABLES `personal_access_tokens` WRITE;
/*!40000 ALTER TABLE `personal_access_tokens` DISABLE KEYS */;
INSERT INTO `personal_access_tokens` VALUES (1,'App\\Models\\User',1,'new_user','2169e7c28c795dade1cb99bfb8863b9ce901762962a721906647ae31a41d4510','[\"*\"]','2025-03-13 06:39:58',NULL,'2025-03-13 05:55:57','2025-03-13 06:39:58'),(2,'App\\Models\\User',1,'new_user','b5a3d14ddffc0798cb111d2b5faffc1a4dd1a0a8b9a7775ea3dff21f3c2c0845','[\"*\"]','2025-03-13 13:22:45',NULL,'2025-03-13 12:14:39','2025-03-13 13:22:45'),(3,'App\\Models\\User',1,'new_user','64d08a4bf2ffa618adc733010ef00d7e9c244ea946d059e3750ab19e9ab45a85','[\"*\"]','2025-03-13 15:40:59',NULL,'2025-03-13 14:31:17','2025-03-13 15:40:59'),(4,'App\\Models\\User',1,'new_user','cbad0d451ee1602751e40ecf9424ab93c22a9151646b6c8618f31c3433f80870','[\"*\"]','2025-03-13 15:40:59',NULL,'2025-03-13 15:17:45','2025-03-13 15:40:59'),(5,'App\\Models\\User',2,'new_user','005444d85a496f321cc0730d33e87cce161735235d8dbd6f15c114fa0f4e0d07','[\"*\"]','2025-03-13 16:12:58',NULL,'2025-03-13 16:03:52','2025-03-13 16:12:58'),(6,'App\\Models\\User',2,'new_user','e706a37b48f82b3198694a637759eb0f7cc94819fcdf58cea00efb300696679b','[\"*\"]','2025-03-13 16:28:49',NULL,'2025-03-13 16:28:12','2025-03-13 16:28:49'),(8,'App\\Models\\User',2,'new_user','694db9e5153af8b3bcefb4e5e0dd3c6ef82e550cdfa129776e939f97667fe06f','[\"*\"]','2025-03-13 16:44:12',NULL,'2025-03-13 16:42:00','2025-03-13 16:44:12'),(9,'App\\Models\\User',2,'new_user','4a86a07533aa887f432f1beeb54f536523eaeb3f13be76c1d944979232f6d63d','[\"*\"]','2025-03-13 16:44:03',NULL,'2025-03-13 16:44:03','2025-03-13 16:44:03'),(12,'App\\Models\\User',3,'new_user','3876bd7c130d5eb8d4f398a5fd6f87b11d8c1318eeb717c2bca1d4e1c8f850e5','[\"*\"]','2025-03-13 17:07:12',NULL,'2025-03-13 17:07:12','2025-03-13 17:07:12'),(14,'App\\Models\\User',2,'new_user','2cbb461f68005b3f55bc0dc3ff46196cb24896756d6b6e3fcb2a2c5b988b10e9','[\"*\"]','2025-03-13 17:47:52',NULL,'2025-03-13 17:31:54','2025-03-13 17:47:52'),(15,'App\\Models\\User',4,'new_user','f645d35b8991402bce0b0b376cb154e04916859e79def59914ac455e4d595f3c','[\"*\"]','2025-03-13 18:47:31',NULL,'2025-03-13 18:40:10','2025-03-13 18:47:31'),(16,'App\\Models\\User',2,'new_user','cfbd528a3f3630b92fcb8f39a72d0ca92a7979ea42afbfe26c91b91f5d822fe9','[\"*\"]','2025-03-14 12:28:52',NULL,'2025-03-14 12:14:54','2025-03-14 12:28:52'),(17,'App\\Models\\User',2,'new_user','a58a9319ab1b415fd4b6afa935b0b4d5baefd563a864f2e7491604ac11a1e715','[\"*\"]','2025-03-14 14:06:21',NULL,'2025-03-14 13:53:24','2025-03-14 14:06:21'),(19,'App\\Models\\User',2,'new_user','26e7c59f5c7bfbe0e028aa2a9e17ed83d15c74d6e1b9b0aea046c57d4940192b','[\"*\"]','2025-03-14 14:12:59',NULL,'2025-03-14 14:11:20','2025-03-14 14:12:59'),(21,'App\\Models\\User',2,'new_user','a8a0f6388791408daf48ccfe97c7f27cb68e98c977b7edb5b45bf780405c083b','[\"*\"]','2025-03-14 14:24:11',NULL,'2025-03-14 14:21:25','2025-03-14 14:24:11'),(22,'App\\Models\\User',2,'new_user','5a9e3529c983d63dc755ddc3fd2d5ff3af5c03d1d8e9d2170ba639daf705334e','[\"*\"]','2025-03-14 14:45:33',NULL,'2025-03-14 14:43:54','2025-03-14 14:45:33'),(23,'App\\Models\\User',2,'new_user','d86314f35bab7e851f4ac85d5fc535d9436c984b3a0acfb6a95b286564c5b762','[\"*\"]','2025-03-14 15:40:05',NULL,'2025-03-14 15:33:04','2025-03-14 15:40:05'),(24,'App\\Models\\User',5,'new_user','0d6d2328b098f42a1644888dc6f848743df6dfdffa35dff06762b3e614ee8806','[\"*\"]','2025-03-14 16:07:34',NULL,'2025-03-14 16:07:15','2025-03-14 16:07:34'),(25,'App\\Models\\User',2,'new_user','4b4c6343eff66f4612bcf19c8036a7462b65a3d58f378e2b4ce8187ad0a8ac61','[\"*\"]','2025-03-14 19:46:06',NULL,'2025-03-14 16:54:42','2025-03-14 19:46:06'),(32,'App\\Models\\User',2,'new_user','20b44125db517135b077ce013a3397b89b794af6a0ee54f09432507675065d63','[\"*\"]','2025-03-14 17:41:46',NULL,'2025-03-14 17:37:10','2025-03-14 17:41:46'),(33,'App\\Models\\User',2,'new_user','ff11ab268cfe8c5f27f79bbb37153ce4ea7e6c45358ad6d25aa5e7293b01a834','[\"*\"]','2025-03-14 20:56:58',NULL,'2025-03-14 19:58:45','2025-03-14 20:56:58'),(34,'App\\Models\\User',2,'new_user','aa688deadd162eab80f54241e04c41d091a86c9ef91ff9fb8e568177f6fbd66b','[\"*\"]','2025-03-14 20:58:51',NULL,'2025-03-14 20:47:47','2025-03-14 20:58:51'),(37,'App\\Models\\User',2,'new_user','59441fdb2a8e0bbfd2875b2cc570fe8c24cd28f819169346970824f0ddc92ff8','[\"*\"]','2025-03-15 12:10:02',NULL,'2025-03-15 12:09:59','2025-03-15 12:10:02'),(39,'App\\Models\\User',2,'new_user','2f8dbeb204484974de0ba1a9a90c41180b52532d3b7e8f4852dba54834e1b46a','[\"*\"]','2025-03-16 11:23:18',NULL,'2025-03-16 11:22:58','2025-03-16 11:23:18'),(40,'App\\Models\\User',2,'new_user','a347d86bb7d0dd3a21d66c1e9bd2ef740d83e42c2a0468397a2386dce09bfb28','[\"*\"]','2025-03-16 11:32:59',NULL,'2025-03-16 11:32:49','2025-03-16 11:32:59'),(41,'App\\Models\\User',2,'new_user','74101d4446a5af6f7b0c33647bd00e57dfdc2a20c42f22ecb2b2694428279072','[\"*\"]','2025-03-16 11:59:23',NULL,'2025-03-16 11:59:12','2025-03-16 11:59:23'),(45,'App\\Models\\User',2,'new_user','55a93ad40879ba884e70cf5b7ddef8d2e9adeb7e70bce289345ec95c9235c65d','[\"*\"]','2025-03-16 23:33:14',NULL,'2025-03-16 23:32:48','2025-03-16 23:33:14'),(46,'App\\Models\\User',2,'new_user','410fcb1d187d620b46c688efee3e41872832b750d85fb5df5d60b94fae07ac12','[\"*\"]','2025-03-16 23:40:44',NULL,'2025-03-16 23:33:58','2025-03-16 23:40:44'),(47,'App\\Models\\User',2,'new_user','9a4cdff31cca7887426feb715e3daebced22535d08f4b05f2e5dfc3988ee18a8','[\"*\"]','2025-03-16 23:40:54',NULL,'2025-03-16 23:38:31','2025-03-16 23:40:54'),(48,'App\\Models\\User',2,'new_user','b93d3e4f1861e3ed3ea25f22bb697a0f393fc8b0d28ca18e76394f7b61e79489','[\"*\"]','2025-03-17 15:08:03',NULL,'2025-03-17 10:12:20','2025-03-17 15:08:03'),(49,'App\\Models\\User',2,'new_user','cd910583f5e0b3ec4200dbd9aad1e36a3263d7490d5feb158f6b207112fb845d','[\"*\"]','2025-03-17 12:38:14',NULL,'2025-03-17 12:03:40','2025-03-17 12:38:14'),(50,'App\\Models\\User',2,'new_user','c9f052051ece18d592b132979673597369cbeaaaf86f7fdfb3e303cb91b77b23','[\"*\"]','2025-03-17 13:02:47',NULL,'2025-03-17 13:00:45','2025-03-17 13:02:47'),(51,'App\\Models\\User',2,'new_user','c9dc2f2a9333e1ac698962060f811c5da1062e7d93076182d2b8ae084b646613','[\"*\"]','2025-03-17 15:57:20',NULL,'2025-03-17 14:07:57','2025-03-17 15:57:20'),(52,'App\\Models\\User',2,'new_user','2114833ec784a4e6581e90a93607b92776fe6a0647b4250663146383bae47576','[\"*\"]','2025-03-17 17:13:45',NULL,'2025-03-17 17:13:45','2025-03-17 17:13:45'),(54,'App\\Models\\User',20,'new_user','dd95cced0906c693b361fe25c109526afa0b6b28e36a1b750648337f02b69835','[\"*\"]','2025-03-17 18:39:19',NULL,'2025-03-17 18:21:10','2025-03-17 18:39:19'),(55,'App\\Models\\User',9,'new_user','5ae2b9bc299ec0598cb10f5addd7a098d56e5bd8749bd60cfe088ba16f24e7ec','[\"*\"]','2025-07-03 17:52:52',NULL,'2025-03-17 18:48:10','2025-07-03 17:52:52'),(56,'App\\Models\\User',4,'new_user','e82e0fa70c3606ec0a3703718f14f5112df7ef0073f2d659a5c051b3d5a5dfd0','[\"*\"]','2025-03-17 18:48:53',NULL,'2025-03-17 18:48:47','2025-03-17 18:48:53'),(57,'App\\Models\\User',20,'new_user','c4730faf254c67a79b656cdc552acf7f30bef45f424a05b82cdef4f8775799c0','[\"*\"]','2025-03-17 19:29:05',NULL,'2025-03-17 18:50:20','2025-03-17 19:29:05'),(58,'App\\Models\\User',4,'new_user','d7800067e702a7536775fdde45e8ed307c7603c35c25ed2e1154bb96f37ae44f','[\"*\"]','2025-03-17 19:06:44',NULL,'2025-03-17 19:06:44','2025-03-17 19:06:44'),(59,'App\\Models\\User',4,'new_user','138db6855488f6867ceb51222a90c47d395ca0e24a38fe40d1d8a2f5e2e0c015','[\"*\"]','2025-03-17 19:34:38',NULL,'2025-03-17 19:23:16','2025-03-17 19:34:38'),(60,'App\\Models\\User',16,'new_user','ec30497de64c7a376c46f991d51afbff37016c6f4d68652b180f7b79eb81a5b4','[\"*\"]','2025-03-17 19:47:15',NULL,'2025-03-17 19:25:20','2025-03-17 19:47:15'),(61,'App\\Models\\User',16,'new_user','c5812937ea29cdd006a7f0946f6d20c491e2c1ac6cd791f16e9b5d21595f65a2','[\"*\"]','2025-03-17 19:28:52',NULL,'2025-03-17 19:28:48','2025-03-17 19:28:52'),(62,'App\\Models\\User',2,'new_user','43e96e75ecc832f601fb3d755441dc6c3d505ab17d8ba759df86a97ffd2675db','[\"*\"]','2025-03-17 19:29:40',NULL,'2025-03-17 19:29:28','2025-03-17 19:29:40'),(63,'App\\Models\\User',4,'new_user','b8e6c7047d8b25aa29fb570f6d52d2d8d48d075772554f8325cc21fbec327071','[\"*\"]','2025-03-17 20:04:13',NULL,'2025-03-17 20:04:10','2025-03-17 20:04:13'),(66,'App\\Models\\User',2,'new_user','c68e1760f9dbd60ffc0ace200db106b4ce7e58b7bfd75ac925449e46010a3763','[\"*\"]','2025-03-17 22:30:11',NULL,'2025-03-17 22:29:44','2025-03-17 22:30:11'),(67,'App\\Models\\User',2,'new_user','cb44f89614bd3052f83310087cfe5dd4fa737302723e0efe6b20cd5492833e14','[\"*\"]','2025-03-17 22:43:34',NULL,'2025-03-17 22:43:31','2025-03-17 22:43:34'),(69,'App\\Models\\User',2,'new_user','6c61a14f758a4e76b7e5de014ff48701eba1e277f8f7be2d0288ba732b103855','[\"*\"]','2025-03-18 01:12:20',NULL,'2025-03-18 01:12:20','2025-03-18 01:12:20'),(70,'App\\Models\\User',2,'new_user','92d9d7f5406586d391fdd5c57f0e8e9023323c255a2ad878f91707a76ce0216f','[\"*\"]','2025-03-18 01:12:44',NULL,'2025-03-18 01:12:23','2025-03-18 01:12:44'),(77,'App\\Models\\User',10,'new_user','8f5565f0bc08733072ab6de26cf4d096df1389d2530b605d6ea4ab64f6bcbc6c','[\"*\"]','2025-03-18 14:49:01',NULL,'2025-03-18 13:21:31','2025-03-18 14:49:01'),(78,'App\\Models\\User',2,'new_user','280f4bb2b6883c2c150043b93f82bca659d3ebf9811454499ef1a8df09d41458','[\"*\"]','2025-03-18 19:39:15',NULL,'2025-03-18 19:39:11','2025-03-18 19:39:15'),(79,'App\\Models\\User',2,'new_user','d81f9c8624212506c078a2d1cd955f4635f9568e77cacb97739c627ef020a713','[\"*\"]','2025-03-19 10:24:38',NULL,'2025-03-19 10:24:27','2025-03-19 10:24:38'),(80,'App\\Models\\User',2,'new_user','b17699e52b92d37b2e12eaae096ac4ae75bce7d684b7f0780666cc53b634e685','[\"*\"]','2025-03-19 15:26:15',NULL,'2025-03-19 15:07:37','2025-03-19 15:26:15'),(81,'App\\Models\\User',2,'new_user','dbae30801ddbe6bc1e6375a33b7b54cbab3bc0c9b6e471e0f9b08c15c7304113','[\"*\"]','2025-03-19 17:21:35',NULL,'2025-03-19 17:20:59','2025-03-19 17:21:35'),(85,'App\\Models\\User',10,'new_user','21df8cdf0f30110dfc4d8d00ca12e3b9835c6f0b00a8d42aab7767ca3ebfbfba','[\"*\"]','2025-03-31 14:08:26',NULL,'2025-03-19 18:16:29','2025-03-31 14:08:26'),(86,'App\\Models\\User',2,'new_user','5cd961ee03a4af67338d12e91eacebbfb2a7b8527b28f3f7962d9b28bfa679ff','[\"*\"]','2025-03-20 02:30:31',NULL,'2025-03-20 02:20:15','2025-03-20 02:30:31'),(87,'App\\Models\\User',20,'new_user','dceadb3fc918add44ea6f19bade1d32e058863cbf18a3a283b24171ce551b023','[\"*\"]','2025-03-20 14:02:50',NULL,'2025-03-20 14:02:38','2025-03-20 14:02:50'),(88,'App\\Models\\User',2,'new_user','43b411feda14ac1865639b610f3c00d5554b9c592342ad7f7278546c417727b2','[\"*\"]','2025-03-20 15:32:19',NULL,'2025-03-20 15:32:13','2025-03-20 15:32:19'),(89,'App\\Models\\User',20,'new_user','90068f3e57e39f71e052b5b3794086493cdadb812383c1d4f004e8cd585f2b95','[\"*\"]','2025-03-20 20:28:36',NULL,'2025-03-20 17:15:00','2025-03-20 20:28:36'),(90,'App\\Models\\User',2,'new_user','02f21f0d77bb4dc04e62ee5c0b0dcfff090a0e90be8c3b432a4133152ea15850','[\"*\"]','2025-03-20 21:56:31',NULL,'2025-03-20 21:56:28','2025-03-20 21:56:31'),(91,'App\\Models\\User',2,'new_user','9cf1d52062b36e151ab65d159810de8af07f199f8e31db26277ae3a2162ede49','[\"*\"]','2025-03-21 04:15:00',NULL,'2025-03-21 03:52:49','2025-03-21 04:15:00'),(92,'App\\Models\\User',2,'new_user','43322e077ff5d2cc8558ac45ff40998650e346439245535cc02f17a78762c674','[\"*\"]','2025-03-21 10:15:14',NULL,'2025-03-21 10:13:12','2025-03-21 10:15:14'),(94,'App\\Models\\User',2,'new_user','60aa7c8e2ade5f9f0aff4c55fb0fdde7d8769f39d1fa99de1b09e6ac52db3cc9','[\"*\"]','2025-03-21 10:35:51',NULL,'2025-03-21 10:35:37','2025-03-21 10:35:51'),(95,'App\\Models\\User',2,'new_user','469e88b708b828381885bb1182f61c2269859cb73588445f27b52c976d890e81','[\"*\"]','2025-03-21 11:51:08',NULL,'2025-03-21 11:51:02','2025-03-21 11:51:08'),(96,'App\\Models\\User',2,'new_user','12ae3e9a47d02edfe35b5f0e42fa4835ea36ddb8ff6a2df4453d9556e4c7c70f','[\"*\"]','2025-03-21 12:20:58',NULL,'2025-03-21 12:20:27','2025-03-21 12:20:58'),(97,'App\\Models\\User',2,'new_user','c6e95eb6cf47e8a1d020cc3d429e24bc4132999930df82fcc2ec21cb13c48a2b','[\"*\"]','2025-03-21 12:53:40',NULL,'2025-03-21 12:53:34','2025-03-21 12:53:40'),(98,'App\\Models\\User',2,'new_user','f0f3214f61161bc4e61aa8bf9eaf2bd5f1282ada68eafe59b7ff66786d729084','[\"*\"]','2025-03-21 14:07:50',NULL,'2025-03-21 13:39:45','2025-03-21 14:07:50'),(99,'App\\Models\\User',20,'new_user','0bc66d6014f9280fe69269205c1366c4d5d48b06d0846cefd4d9a6d5aca9e007','[\"*\"]','2025-03-21 15:05:23',NULL,'2025-03-21 14:55:27','2025-03-21 15:05:23'),(100,'App\\Models\\User',2,'new_user','0ab9e7d613512af1f55ced6764d833ee289b9a0be5dc1db941c23850ab2bd6c0','[\"*\"]','2025-03-21 15:20:33',NULL,'2025-03-21 15:20:16','2025-03-21 15:20:33'),(101,'App\\Models\\User',16,'new_user','e9ed7adbffdea798160479d09869813ce26d8ee77283de0feb033ba526619c4a','[\"*\"]','2025-03-21 17:15:29',NULL,'2025-03-21 16:53:00','2025-03-21 17:15:29'),(102,'App\\Models\\User',2,'new_user','de48cbc46f9dafdeef70396d085238121b0cc0bda4f7b1b648e8a881b8668122','[\"*\"]','2025-03-21 19:52:46',NULL,'2025-03-21 19:50:57','2025-03-21 19:52:46'),(103,'App\\Models\\User',2,'new_user','0fe2cc3dbb100faa5cb492bab99ac35580ef44c04b223fb0603dc79861d5b53e','[\"*\"]','2025-03-21 23:55:22',NULL,'2025-03-21 19:51:50','2025-03-21 23:55:22'),(104,'App\\Models\\User',2,'new_user','009bed978a40952e0bf24a971f41cb532b180966253fb13abab41092ed6a3046','[\"*\"]','2025-03-22 00:05:06',NULL,'2025-03-22 00:05:06','2025-03-22 00:05:06'),(105,'App\\Models\\User',2,'new_user','5a022dee0c99ea48dbc605263a767b42bd1a2230788c5e6a6040ed1767d1e38c','[\"*\"]','2025-03-22 12:13:41',NULL,'2025-03-22 12:13:27','2025-03-22 12:13:41'),(106,'App\\Models\\User',2,'new_user','2be226599f7a14f11fa3de269e548215b1737110d7d9be5f736383169dd01a9f','[\"*\"]','2025-03-23 22:23:12',NULL,'2025-03-23 22:23:09','2025-03-23 22:23:12'),(107,'App\\Models\\User',2,'new_user','e0d6ee8382f2abf2c9855aa48f908385e957dfa40b3b157da153eecacec773a2','[\"*\"]','2025-03-24 13:05:31',NULL,'2025-03-24 13:03:15','2025-03-24 13:05:31'),(108,'App\\Models\\User',2,'new_user','9438aaad692605c3e1ef8cfca16d8dd335a5dce0f8b5cf16679712e4bca488d3','[\"*\"]','2025-03-24 13:16:18',NULL,'2025-03-24 13:08:29','2025-03-24 13:16:18'),(109,'App\\Models\\User',2,'new_user','f72eb3e8b242b5f3283531678d0c1d26b37849aebb246e5f34a3f263f5a5ae41','[\"*\"]','2025-03-24 14:27:25',NULL,'2025-03-24 14:16:57','2025-03-24 14:27:25'),(110,'App\\Models\\User',2,'new_user','09797a9cf1d21f62d22212123a10ef05afc685e1f7f3d9705b150564d0eee131','[\"*\"]','2025-03-24 18:02:16',NULL,'2025-03-24 18:02:00','2025-03-24 18:02:16'),(112,'App\\Models\\User',2,'new_user','b7ff9c221c0907001f696af3d5aa0eef990cac25517141c48f297c59edf2009c','[\"*\"]','2025-03-24 20:14:48',NULL,'2025-03-24 19:24:08','2025-03-24 20:14:48'),(114,'App\\Models\\User',2,'new_user','109a1c2df4c02c7eb743fe71b34a71ad80a5e20b25d581d3dd691d63c42ee4ef','[\"*\"]','2025-03-24 20:59:00',NULL,'2025-03-24 20:58:47','2025-03-24 20:59:00'),(115,'App\\Models\\User',2,'new_user','1cbf5c8623edbefb3171f477155892726f2a791d1ba5b1dc283c8d7406f185e8','[\"*\"]','2025-03-25 10:07:43',NULL,'2025-03-25 10:07:33','2025-03-25 10:07:43'),(116,'App\\Models\\User',2,'new_user','bf39473385885451652c09eea7da25d4eab4ec76ddea2ae2e7fb5fc8ae8173d5','[\"*\"]','2025-03-25 15:11:53',NULL,'2025-03-25 15:11:29','2025-03-25 15:11:53'),(117,'App\\Models\\User',2,'new_user','2990f3f8ad97fcb43058b35acd1e9ca150596b030b66bef84455645deec253f0','[\"*\"]','2025-03-25 17:46:29',NULL,'2025-03-25 17:15:25','2025-03-25 17:46:29'),(118,'App\\Models\\User',2,'new_user','72c99f3b29a902c3e6043618d4d95a46a531c159d4f537b5cdb86f966935b0f0','[\"*\"]','2025-03-25 17:38:57',NULL,'2025-03-25 17:38:52','2025-03-25 17:38:57'),(121,'App\\Models\\User',2,'new_user','b364869547de00c6a93398fe701ec472b04f82ec3a7f4e737e17714eb1781ab6','[\"*\"]','2025-03-25 18:39:28',NULL,'2025-03-25 18:38:53','2025-03-25 18:39:28'),(124,'App\\Models\\User',2,'new_user','5148085e1ddbe95103a5f42e1f03ce20cc147cbf7fedc4397b5b8ce27ed9d12f','[\"*\"]','2025-03-25 19:31:22',NULL,'2025-03-25 19:31:07','2025-03-25 19:31:22'),(125,'App\\Models\\User',2,'new_user','9254d3c0ddbcada6cfb087dd107c5936012b0ae5737c85e2f70bee2d83589077','[\"*\"]','2025-03-25 21:32:21',NULL,'2025-03-25 20:41:36','2025-03-25 21:32:21'),(127,'App\\Models\\User',2,'new_user','74aeed211c7172eac637574133dbadb0b61233ffda064aeaf5560518dafb3d32','[\"*\"]','2025-03-26 15:19:00',NULL,'2025-03-26 11:29:42','2025-03-26 15:19:00'),(128,'App\\Models\\User',2,'new_user','e95ed63245c151167123e65df6b182155f3f9947baf09f98ef5633a8798939ff','[\"*\"]','2025-03-26 13:52:10',NULL,'2025-03-26 13:52:07','2025-03-26 13:52:10'),(129,'App\\Models\\User',20,'new_user','47565064d4b895ad85d2052f6a9ef74a65fea79ff6939660fa2078d42d7b2704','[\"*\"]','2025-03-26 17:14:20',NULL,'2025-03-26 17:14:11','2025-03-26 17:14:20'),(130,'App\\Models\\User',2,'new_user','612f371758852013d3821d12f8acb45dad9f2a571974ad500e39b29da8b2f66e','[\"*\"]','2025-03-26 17:19:18',NULL,'2025-03-26 17:19:11','2025-03-26 17:19:18'),(131,'App\\Models\\User',2,'new_user','09545058c34c43b9c8ee9860fa10304a3d8e697abf450c27401a69b197a14ece','[\"*\"]','2025-03-27 13:36:08',NULL,'2025-03-27 10:16:26','2025-03-27 13:36:08'),(132,'App\\Models\\User',5,'new_user','80f9ed98598b748f80bdb2ad8b5db33c7ce4ec4e03b700a3d50873b565688269','[\"*\"]','2025-03-27 18:43:44',NULL,'2025-03-27 18:43:23','2025-03-27 18:43:44'),(133,'App\\Models\\User',2,'new_user','28c678ac51aaa3570dbd4a9247a55a50d5d74df342be604bb52409de206d303b','[\"*\"]','2025-03-28 10:36:29',NULL,'2025-03-28 10:36:27','2025-03-28 10:36:29'),(134,'App\\Models\\User',2,'new_user','37ba54ca756e5be4da4fc9eda8a288eea0e7912abd52165001fd5151af71f8bd','[\"*\"]','2025-03-28 12:43:33',NULL,'2025-03-28 12:43:32','2025-03-28 12:43:33'),(135,'App\\Models\\User',5,'new_user','b33facaef3ccd93474b441e3b798159f35965e344a627b60350989c1551564da','[\"*\"]','2025-03-28 16:14:51',NULL,'2025-03-28 16:14:32','2025-03-28 16:14:51'),(136,'App\\Models\\User',2,'new_user','a9a45562c8c1f154107ab1b0fcd78886b5e1d6e55ce754b9fe5acc5220e29625','[\"*\"]','2025-03-30 11:09:57',NULL,'2025-03-30 11:06:38','2025-03-30 11:09:57'),(137,'App\\Models\\User',2,'new_user','f8d5631603dda726baa4045e9535033f5adbe05f9912c2e04a5176c56094246f','[\"*\"]','2025-03-30 12:33:26',NULL,'2025-03-30 12:33:09','2025-03-30 12:33:26'),(138,'App\\Models\\User',2,'new_user','dd77c9b55f6365203476cb9d8da3c8a9493cd88c9dce8f07e340f1208606543c','[\"*\"]','2025-03-31 12:47:27',NULL,'2025-03-31 12:47:22','2025-03-31 12:47:27'),(139,'App\\Models\\User',16,'new_user','fb632c2c8996ee4b9e487aa50f9b817afe8f819bb01f9b240b48cf6c97982dac','[\"*\"]','2025-03-31 17:49:24',NULL,'2025-03-31 17:49:17','2025-03-31 17:49:24'),(140,'App\\Models\\User',2,'new_user','c7073c29556a94840c4113a8eaf5b0a87eedbc42a177b622b5077efbf5a2cd40','[\"*\"]','2025-03-31 20:02:44',NULL,'2025-03-31 20:02:43','2025-03-31 20:02:44'),(141,'App\\Models\\User',20,'new_user','589c627d3b623ec7cd166ec80fa78e9a84de44c9be66c188f9387a865cc7acb2','[\"*\"]','2025-05-19 12:33:52',NULL,'2025-04-01 16:40:34','2025-05-19 12:33:52'),(142,'App\\Models\\User',2,'new_user','6175ea34f9a322449da360f0004effdad22ec4776e8c109e5636d20f06057062','[\"*\"]','2025-04-01 19:05:57',NULL,'2025-04-01 19:05:40','2025-04-01 19:05:57'),(143,'App\\Models\\User',2,'new_user','5cf3caa8185c8c3b36001af09cc6bc8b5ac10601fe3202012e488371edb96369','[\"*\"]','2025-04-02 10:22:25',NULL,'2025-04-02 10:22:25','2025-04-02 10:22:25'),(144,'App\\Models\\User',10,'new_user','20bbbece20300027eea5800ce63497c87fed4ee6747699a31076879d8462e173','[\"*\"]','2025-04-04 11:24:15',NULL,'2025-04-02 12:48:04','2025-04-04 11:24:15'),(145,'App\\Models\\User',2,'new_user','73f22b6400229d7b0af8032fd95c7e32fffaf8992c1b0abdbe6e9a4ba736f673','[\"*\"]','2025-04-03 10:24:22',NULL,'2025-04-03 10:24:19','2025-04-03 10:24:22'),(146,'App\\Models\\User',2,'new_user','189f364949512ea6160723e4ce610412090b7c20f7d5b2dad003dd121e647d74','[\"*\"]','2025-04-04 10:25:24',NULL,'2025-04-04 10:25:13','2025-04-04 10:25:24'),(147,'App\\Models\\User',10,'new_user','cab669b99299796a62a62e188bf038f15a8670296b6d630b9b09369bf3df9c7c','[\"*\"]','2025-04-04 14:26:06',NULL,'2025-04-04 14:25:35','2025-04-04 14:26:06'),(148,'App\\Models\\User',2,'new_user','c51a40018a86247943bc0b7f84b9cc469dda88d048847d77b3fc9bc756a330f7','[\"*\"]','2025-04-05 16:50:54',NULL,'2025-04-05 16:50:49','2025-04-05 16:50:54'),(149,'App\\Models\\User',10,'new_user','ffc64543707f52ec64ba067a9e70e0dc31f1c59ccc9de9c490fb11704e00698b','[\"*\"]','2025-04-07 13:30:52',NULL,'2025-04-07 13:30:37','2025-04-07 13:30:52'),(150,'App\\Models\\User',10,'new_user','5fa02982548a5fd1229737f77df8ce14ae90069859f80392563c05a40adf2b92','[\"*\"]','2025-06-17 14:53:24',NULL,'2025-04-07 13:31:11','2025-06-17 14:53:24'),(151,'App\\Models\\User',19,'new_user','ac008fb6d7842d8aeeff42c65666c81644a03096a2d318e1c58ba397b34f03bd','[\"*\"]','2025-04-07 18:44:07',NULL,'2025-04-07 18:44:06','2025-04-07 18:44:07'),(152,'App\\Models\\User',5,'new_user','ea1f097258d1bcbdfc6a82d82b152b945592d8986a9546897a84fb6a175bd45f','[\"*\"]','2025-04-08 16:01:21',NULL,'2025-04-08 16:01:09','2025-04-08 16:01:21'),(153,'App\\Models\\User',5,'new_user','0f17066ec932faf807ad8671c42919cb36c1de8491d21ddf451696383736dadd','[\"*\"]','2025-04-08 16:27:38',NULL,'2025-04-08 16:27:23','2025-04-08 16:27:38'),(154,'App\\Models\\User',5,'new_user','f32f0df3a814b02f1e164d48bc503b79478f1aea36fb975aeac288dbffd9779a','[\"*\"]','2025-04-08 21:00:52',NULL,'2025-04-08 21:00:45','2025-04-08 21:00:52'),(155,'App\\Models\\User',2,'new_user','6eb0398871a53df7023fa4d4d8f5dcfa0b80e66cd5eaf7bc72a13b0a00c8f981','[\"*\"]','2025-04-09 10:34:30',NULL,'2025-04-09 10:34:16','2025-04-09 10:34:30'),(156,'App\\Models\\User',2,'new_user','8e7b75f222f3039e72b87ca3b3b84e6396b0bf53006f16c7af150ca07d9ae130','[\"*\"]','2025-04-11 10:04:11',NULL,'2025-04-11 10:03:56','2025-04-11 10:04:11'),(157,'App\\Models\\User',2,'new_user','dfa3a93c60588ac88103368081b73db4add28343bff10835be94f7f525988a5c','[\"*\"]','2025-04-14 10:28:34',NULL,'2025-04-14 10:28:31','2025-04-14 10:28:34'),(158,'App\\Models\\User',2,'new_user','c4e8b57114148218d8cc08048da94898ba1a6715ddc72056c210a68780524f11','[\"*\"]','2025-04-15 03:16:16',NULL,'2025-04-15 03:16:13','2025-04-15 03:16:16'),(159,'App\\Models\\User',2,'new_user','53e763861cf3401e905a1e1b0c6366dcb094bc86dda3077d522d5f9545452b3e','[\"*\"]','2025-04-17 10:06:25',NULL,'2025-04-17 10:06:25','2025-04-17 10:06:25'),(160,'App\\Models\\User',7,'new_user','9dfccaa1a3b2eb0bc91dceed38c506cd2650006db1e8c569e307601336218b4d','[\"*\"]','2025-04-17 16:51:40',NULL,'2025-04-17 16:50:34','2025-04-17 16:51:40'),(161,'App\\Models\\User',2,'new_user','9936fbe6b019fcd44d115a7e88e4fc27cf3782dd220a2e367046035b1db5d68c','[\"*\"]','2025-04-18 12:09:00',NULL,'2025-04-18 12:08:56','2025-04-18 12:09:00'),(162,'App\\Models\\User',2,'new_user','a11855198a5a388f344e0179f0bc3d2d8dbfaca099294fcd5ea836796f4c0e6b','[\"*\"]','2025-04-18 12:23:32',NULL,'2025-04-18 12:23:32','2025-04-18 12:23:32'),(163,'App\\Models\\User',2,'new_user','f79adbb5fc4c4a53eda6040f90ef01a1e130d58da730defbf11731b5d7dce062','[\"*\"]','2025-04-18 18:03:43',NULL,'2025-04-18 18:00:20','2025-04-18 18:03:43'),(164,'App\\Models\\User',2,'new_user','6e0569fd38bbe3a4901cf8fc829eb59a2d2bfe5dc4f5dc2bbe6012cb4dc1a29a','[\"*\"]','2025-04-22 10:07:20',NULL,'2025-04-22 10:07:20','2025-04-22 10:07:20'),(165,'App\\Models\\User',7,'new_user','626ff1b30163fbca595a8756efcfe5743c8bdf37273ff6763b6330b3555341f2','[\"*\"]','2025-04-22 18:50:42',NULL,'2025-04-22 18:48:11','2025-04-22 18:50:42'),(166,'App\\Models\\User',7,'new_user','1886b2cc098b5631fa9e3a353fdbaf2d9f5c0cf5f4cdbc33cf2430af6652b483','[\"*\"]','2025-04-28 20:01:09',NULL,'2025-04-25 20:41:46','2025-04-28 20:01:09'),(167,'App\\Models\\User',7,'new_user','cd6710edac47ddfda3333446738e3bb492eacf365301cc9beec0a58f288254ec','[\"*\"]','2025-05-08 21:00:29',NULL,'2025-05-06 16:32:18','2025-05-08 21:00:29'),(169,'App\\Models\\User',7,'new_user','3222eb95e5e78fddb2e94cdb7ac313b71bf5be2b7fd6810c5b76858297c8490e','[\"*\"]','2025-05-13 18:30:14',NULL,'2025-05-09 17:33:50','2025-05-13 18:30:14'),(170,'App\\Models\\User',7,'new_user','6b885f0a0237851ce94f88903f74d1a47248631a4b2b362032bb1a92f5eefcc6','[\"*\"]','2025-05-14 14:17:00',NULL,'2025-05-14 14:14:00','2025-05-14 14:17:00'),(171,'App\\Models\\User',7,'new_user','e626f3688306b1c0953a674ca8d6a4a2fd608786b94d7f80068482b45d77298a','[\"*\"]','2025-05-14 17:14:05',NULL,'2025-05-14 14:17:03','2025-05-14 17:14:05'),(172,'App\\Models\\User',7,'new_user','a9983ddd85f329202381af4601434913ab2eec6e1e2f0a1be3456db407b7863d','[\"*\"]','2025-05-14 17:02:23',NULL,'2025-05-14 14:52:14','2025-05-14 17:02:23'),(173,'App\\Models\\User',2,'new_user','f5bf601d43c85ec90351974bc4e1226f4eb45ad6a228c6ac053dae54cad2a907','[\"*\"]','2025-05-18 11:32:00',NULL,'2025-05-18 11:28:37','2025-05-18 11:32:00'),(174,'App\\Models\\User',2,'new_user','9f444997dd25fe588c086be65f361022067898213a81e108694d55c74bcc0e76','[\"*\"]','2025-05-24 10:51:56',NULL,'2025-05-24 10:51:56','2025-05-24 10:51:56'),(175,'App\\Models\\User',7,'new_user','86a847fa51b8289a2ccaf42a4ebec7759219bae1570985ecb126e8d2ac7cdb35','[\"*\"]','2025-06-05 18:06:45',NULL,'2025-06-05 18:05:15','2025-06-05 18:06:45'),(182,'App\\Models\\User',25,'new_user','4b72f5edc41d667d45ee0afa77090fb7ef6dd40429b9299db959f2c626ff8824','[\"*\"]','2025-06-14 19:53:51',NULL,'2025-06-14 19:53:46','2025-06-14 19:53:51'),(186,'App\\Models\\User',2,'new_user','36e71439cc053248befb479e992234a0bc3ea19ca4e9712d46e3f78941852be5','[\"*\"]','2025-06-14 21:28:54',NULL,'2025-06-14 21:28:54','2025-06-14 21:28:54'),(190,'App\\Models\\User',26,'new_user','23bd76cf89568cb7bfbec7325edb87914819ed4b4b0934896aa5c71368fd022e','[\"*\"]','2025-06-14 22:14:48',NULL,'2025-06-14 22:13:59','2025-06-14 22:14:48'),(191,'App\\Models\\User',26,'new_user','264e92396d64c7391d3aee1e1a738943634f614bac1b145f9fb3d8c2801a06aa','[\"*\"]','2025-06-14 22:20:23',NULL,'2025-06-14 22:20:22','2025-06-14 22:20:23'),(194,'App\\Models\\User',27,'new_user','cc57f42e6f535f42b0c2dea01920a1f23cab914fd1222d561c5c8a519b3f9523','[\"*\"]','2025-06-14 22:34:00',NULL,'2025-06-14 22:26:06','2025-06-14 22:34:00'),(196,'App\\Models\\User',2,'new_user','62a4e08eecafa869e784bfed8e3d2e92c2dd48a5d4709b83d7b6869c3f4dd9be','[\"*\"]','2025-06-26 09:52:14',NULL,'2025-06-15 09:49:49','2025-06-26 09:52:14'),(208,'App\\Models\\User',28,'new_user','adf21c7fd9f00a3f72455a59d69e51d1f8a831c493c33305c584db9105e483db','[\"*\"]','2025-06-16 14:21:01',NULL,'2025-06-16 13:54:53','2025-06-16 14:21:01'),(215,'App\\Models\\User',30,'new_user','c3d65e3cf9bfb230f917a2503195f5b8e46124b99270a64d20aedf8c1ff6be60','[\"*\"]','2025-06-16 17:44:54',NULL,'2025-06-16 17:42:31','2025-06-16 17:44:54'),(218,'App\\Models\\User',30,'new_user','671002a6ded8ab3cc6ceacdff82e7fba5e3eb6ddfd2e1c9801a543bffadb83d3','[\"*\"]','2025-06-16 17:51:04',NULL,'2025-06-16 17:50:27','2025-06-16 17:51:04'),(223,'App\\Models\\User',4,'new_user','e9b48563877888d68e4fc277c48a3231c2fcc61ebb33e53dfcdda06972fba4bb','[\"*\"]','2025-07-03 17:14:39',NULL,'2025-06-16 19:40:46','2025-07-03 17:14:39'),(227,'App\\Models\\User',30,'new_user','eae9e47cfb9e0e30756252c49360c5d0ca1bc9eeb4dec1f7d0996f93100c6298','[\"*\"]','2025-06-16 22:45:27',NULL,'2025-06-16 22:45:25','2025-06-16 22:45:27'),(229,'App\\Models\\User',2,'new_user','5ea1bfffdf85c35b3f32eb54da4eaa1e747c2de6962eac0725acd6547c718cb4','[\"*\"]','2025-06-16 22:52:25',NULL,'2025-06-16 22:52:25','2025-06-16 22:52:25'),(236,'App\\Models\\User',32,'new_user','31a22bf35ae42cfce8294de562164c48c1363e332596bf0d423794256c0cf6b4','[\"*\"]','2025-06-16 23:40:08',NULL,'2025-06-16 23:39:56','2025-06-16 23:40:08'),(241,'App\\Models\\User',30,'new_user','c48f349e1e91edbb333a09719b3885f1f6dd78aa88c0d752cc33f9b172d898d2','[\"*\"]','2025-06-17 00:11:46',NULL,'2025-06-17 00:08:38','2025-06-17 00:11:46'),(242,'App\\Models\\User',32,'new_user','fdd2ae66009d6addadf01e1f4ac1d0429c0f77cc1bfe688199c006d312e04c47','[\"*\"]','2025-06-17 22:49:51',NULL,'2025-06-17 22:48:47','2025-06-17 22:49:51'),(244,'App\\Models\\User',32,'new_user','4d28b7249863481ad91f88b6ce241bcb94ada23fe75e100b86d9dd3e0159365a','[\"*\"]','2025-06-23 23:05:50',NULL,'2025-06-23 23:00:17','2025-06-23 23:05:50'),(248,'App\\Models\\User',30,'new_user','e37a9c35b6651c0d7178a7924d23c063a1027b25a5b44f5af8106903308f20af','[\"*\"]','2025-06-29 15:22:05',NULL,'2025-06-29 15:22:04','2025-06-29 15:22:05'),(249,'App\\Models\\User',4,'new_user','f43744a9e3fa0690078aeea50dd722f9c88609e46e6988bbba8c3531a62e23d8','[\"*\"]','2025-06-30 21:48:58',NULL,'2025-06-30 21:48:58','2025-06-30 21:48:58'),(250,'App\\Models\\User',4,'new_user','8533040e4b27ff5598c92493e8f65fc6cfc9f2904059568725ded19364d9f1c0','[\"*\"]','2025-06-30 21:49:44',NULL,'2025-06-30 21:49:44','2025-06-30 21:49:44'),(251,'App\\Models\\User',4,'new_user','2dcfbb3c8354ca671ce664047c2f18d02232b4e35885ffcfd87264a4ea1a606f','[\"*\"]','2025-06-30 22:14:54',NULL,'2025-06-30 22:12:25','2025-06-30 22:14:54'),(252,'App\\Models\\User',7,'new_user','2590e32d2527e0c4e290d89fd5e39d48a21c1ad88542e53c1242669091ac13c4','[\"*\"]','2025-07-03 00:26:37',NULL,'2025-07-02 15:15:56','2025-07-03 00:26:37'),(253,'App\\Models\\User',28,'new_user','1b48a679cfe4d6afef986b34520709ed2a3576ed95fbfdb977d4b55575bdf904','[\"*\"]','2025-07-03 17:14:19',NULL,'2025-07-03 17:14:00','2025-07-03 17:14:19'),(260,'App\\Models\\User',30,'new_user','000e2e12fba34e7fc6b3963a0604f90dd9caa84f2f063e99a0a85423ad2c2125','[\"*\"]','2025-07-04 15:00:50',NULL,'2025-07-04 15:00:30','2025-07-04 15:00:50'),(264,'App\\Models\\User',30,'new_user','ff65d40e2908dcf95f1c97fb50427f914b00b30105aae522a0e637d8d4dec063','[\"*\"]','2025-07-04 16:24:27',NULL,'2025-07-04 15:32:59','2025-07-04 16:24:27'),(265,'App\\Models\\User',30,'new_user','2d85cef2f6a22fa9270055ff616e906bcef931d83c5b6e24da30e1345838a955','[\"*\"]','2025-07-04 16:37:11',NULL,'2025-07-04 16:33:35','2025-07-04 16:37:11'),(269,'App\\Models\\User',32,'new_user','14b59a19f5abcc828bc7cd6a8470544305bd700ef43be976bd7ce5451e7992d3','[\"*\"]','2025-07-04 18:23:34',NULL,'2025-07-04 18:19:49','2025-07-04 18:23:34'),(270,'App\\Models\\User',32,'new_user','9066d7bd517e55d0ed3f9453158c92604231b661102962ef1d877210d14fabbf','[\"*\"]','2025-07-04 18:26:11',NULL,'2025-07-04 18:25:12','2025-07-04 18:26:11'),(271,'App\\Models\\User',32,'new_user','02c1f6c2cda16ba4935419158bef35ec2431d5b783a2c92523e04a1be912a0bd','[\"*\"]','2025-07-04 18:27:52',NULL,'2025-07-04 18:27:18','2025-07-04 18:27:52');
/*!40000 ALTER TABLE `personal_access_tokens` ENABLE KEYS */;
UNLOCK TABLES;

--
-- Table structure for table `product_prices`
--

DROP TABLE IF EXISTS `product_prices`;
/*!40101 SET @saved_cs_client     = @@character_set_client */;
/*!50503 SET character_set_client = utf8mb4 */;
CREATE TABLE `product_prices` (
  `id` bigint unsigned NOT NULL AUTO_INCREMENT,
  `product_id` bigint unsigned NOT NULL,
  `faixa_id` bigint unsigned NOT NULL,
  `price` decimal(10,2) DEFAULT NULL,
  `created_at` timestamp NULL DEFAULT NULL,
  `updated_at` timestamp NULL DEFAULT NULL,
  `empresa_id` bigint unsigned DEFAULT NULL,
  PRIMARY KEY (`id`),
  UNIQUE KEY `product_prices_product_id_faixa_id_unique` (`product_id`,`faixa_id`),
  KEY `product_prices_faixa_id_foreign` (`faixa_id`),
  KEY `product_prices_empresa_id_foreign` (`empresa_id`),
  CONSTRAINT `product_prices_empresa_id_foreign` FOREIGN KEY (`empresa_id`) REFERENCES `empresas` (`id`) ON DELETE SET NULL,
  CONSTRAINT `product_prices_faixa_id_foreign` FOREIGN KEY (`faixa_id`) REFERENCES `faixas_quantidade` (`id`) ON DELETE CASCADE,
  CONSTRAINT `product_prices_product_id_foreign` FOREIGN KEY (`product_id`) REFERENCES `products` (`id`) ON DELETE CASCADE
) ENGINE=InnoDB AUTO_INCREMENT=472 DEFAULT CHARSET=utf8mb4 COLLATE=utf8mb4_unicode_ci;
/*!40101 SET character_set_client = @saved_cs_client */;

--
-- Dumping data for table `product_prices`
--

LOCK TABLES `product_prices` WRITE;
/*!40000 ALTER TABLE `product_prices` DISABLE KEYS */;
INSERT INTO `product_prices` VALUES (1,1,1,26.73,'2025-03-13 05:57:32','2025-07-04 18:06:50',1),(2,1,2,25.30,'2025-03-13 05:57:32','2025-07-04 18:06:50',1),(3,1,3,24.73,'2025-03-13 05:57:32','2025-07-04 18:06:50',1),(4,1,4,24.16,'2025-03-13 05:57:32','2025-07-04 18:06:50',1),(5,1,5,23.06,'2025-03-13 05:57:32','2025-07-04 18:06:50',1),(6,1,6,22.06,'2025-03-13 05:57:32','2025-07-04 18:06:51',1),(14,2,2,17.19,'2025-03-13 06:02:28','2025-07-04 18:06:56',1),(15,2,3,15.75,'2025-03-13 06:02:28','2025-07-04 18:06:56',1),(16,2,4,14.32,'2025-03-13 06:02:28','2025-07-04 18:06:56',1),(17,2,5,13.18,'2025-03-13 06:02:28','2025-07-04 18:06:56',1),(18,2,6,12.70,'2025-03-13 06:02:28','2025-07-04 18:06:56',1),(19,2,7,12.22,'2025-03-13 06:02:28','2025-07-04 18:06:57',1),(20,2,8,11.27,'2025-03-13 06:02:28','2025-07-04 18:06:57',1),(21,2,9,11.22,'2025-03-13 06:02:28','2025-07-04 18:06:57',1),(22,2,10,11.18,'2025-03-13 06:02:28','2025-07-04 18:06:57',1),(23,2,11,11.18,'2025-03-13 06:02:28','2025-07-04 18:06:57',1),(24,2,12,11.18,'2025-03-13 06:02:28','2025-07-04 18:06:57',1),(26,3,2,16.61,'2025-03-13 06:02:56','2025-07-04 18:07:02',1),(27,3,3,15.19,'2025-03-13 06:02:56','2025-07-04 18:07:02',1),(28,3,4,13.76,'2025-03-13 06:02:56','2025-07-04 18:07:02',1),(29,3,5,12.80,'2025-03-13 06:02:56','2025-07-04 18:07:02',1),(30,3,6,12.31,'2025-03-13 06:02:56','2025-07-04 18:07:02',1),(31,3,7,11.85,'2025-03-13 06:02:56','2025-07-04 18:07:03',1),(32,3,8,10.88,'2025-03-13 06:02:56','2025-07-04 18:07:03',1),(33,3,9,10.85,'2025-03-13 06:02:56','2025-07-04 18:07:03',1),(34,3,10,10.79,'2025-03-13 06:02:56','2025-07-04 18:07:03',1),(35,3,11,10.79,'2025-03-13 06:02:56','2025-07-04 18:07:03',1),(36,3,12,10.79,'2025-03-13 06:02:56','2025-07-04 18:07:03',1),(38,4,2,13.85,'2025-03-13 06:03:17','2025-07-04 18:07:08',1),(39,4,3,12.41,'2025-03-13 06:03:17','2025-07-04 18:07:08',1),(40,4,4,11.93,'2025-03-13 06:03:17','2025-07-04 18:07:08',1),(41,4,5,11.45,'2025-03-13 06:03:17','2025-07-04 18:07:08',1),(42,4,6,10.98,'2025-03-13 06:03:17','2025-07-04 18:07:08',1),(43,4,7,10.50,'2025-03-13 06:03:17','2025-07-04 18:07:08',1),(44,4,8,10.02,'2025-03-13 06:03:17','2025-07-04 18:07:08',1),(45,4,9,9.98,'2025-03-13 06:03:17','2025-07-04 18:07:08',1),(46,4,10,9.95,'2025-03-13 06:03:17','2025-07-04 18:07:08',1),(47,4,11,9.95,'2025-03-13 06:03:17','2025-07-04 18:07:08',1),(48,4,12,9.95,'2025-03-13 06:03:17','2025-07-04 18:07:08',1),(74,7,2,22.91,'2025-03-13 13:02:52','2025-07-04 18:07:37',1),(75,7,3,21.49,'2025-03-13 13:02:52','2025-07-04 18:07:37',1),(76,7,4,20.53,'2025-03-13 13:02:52','2025-07-04 18:07:37',1),(77,7,5,20.05,'2025-03-13 13:02:52','2025-07-04 18:07:37',1),(78,7,6,19.10,'2025-03-13 13:02:52','2025-07-04 18:07:37',1),(79,7,7,18.90,'2025-03-13 13:02:52','2025-07-04 18:07:37',1),(80,7,8,18.62,'2025-03-13 13:02:52','2025-07-04 18:07:37',1),(81,7,9,18.62,'2025-03-13 13:02:52','2025-07-04 18:07:37',1),(82,7,10,18.62,'2025-03-13 13:02:52','2025-07-04 18:07:37',1),(83,7,11,18.62,'2025-03-13 13:02:52','2025-07-04 18:07:37',1),(84,7,12,18.62,'2025-03-13 13:02:52','2025-07-04 18:07:37',1),(86,8,2,21.96,'2025-03-13 13:03:09','2025-07-04 18:07:42',1),(87,8,3,21.00,'2025-03-13 13:03:09','2025-07-04 18:07:42',1),(88,8,4,20.05,'2025-03-13 13:03:09','2025-07-04 18:07:42',1),(89,8,5,19.10,'2025-03-13 13:03:09','2025-07-04 18:07:42',1),(90,8,6,18.62,'2025-03-13 13:03:09','2025-07-04 18:07:42',1),(91,8,7,18.43,'2025-03-13 13:03:09','2025-07-04 18:07:42',1),(92,8,8,18.14,'2025-03-13 13:03:09','2025-07-04 18:07:42',1),(93,8,9,18.14,'2025-03-13 13:03:09','2025-07-04 18:07:42',1),(94,8,10,18.14,'2025-03-13 13:03:09','2025-07-04 18:07:42',1),(95,8,11,18.14,'2025-03-13 13:03:09','2025-07-04 18:07:42',1),(96,8,12,18.14,'2025-03-13 13:03:09','2025-07-04 18:07:42',1),(98,9,2,17.67,'2025-03-13 13:07:50','2025-07-04 18:07:48',1),(99,9,3,16.71,'2025-03-13 13:07:50','2025-07-04 18:07:48',1),(100,9,4,16.23,'2025-03-13 13:07:50','2025-07-04 18:07:48',1),(101,9,5,15.28,'2025-03-13 13:07:50','2025-07-04 18:07:48',1),(102,9,6,14.80,'2025-03-13 13:07:50','2025-07-04 18:07:48',1),(103,9,7,14.51,'2025-03-13 13:07:50','2025-07-04 18:07:48',1),(104,9,8,14.32,'2025-03-13 13:07:50','2025-07-04 18:07:48',1),(105,9,9,14.32,'2025-03-13 13:07:50','2025-07-04 18:07:48',1),(106,9,10,14.32,'2025-03-13 13:07:50','2025-07-04 18:07:48',1),(107,9,11,14.32,'2025-03-13 13:07:50','2025-07-04 18:07:48',1),(108,9,12,14.32,'2025-03-13 13:07:50','2025-07-04 18:07:48',1),(110,10,2,11.37,'2025-03-13 13:10:01','2025-07-04 18:07:59',1),(111,10,3,10.50,'2025-03-13 13:10:01','2025-07-04 18:07:59',1),(112,10,4,9.74,'2025-03-13 13:10:01','2025-07-04 18:07:59',1),(113,10,5,8.79,'2025-03-13 13:10:01','2025-07-04 18:07:59',1),(114,10,6,8.55,'2025-03-13 13:10:01','2025-07-04 18:07:59',1),(115,10,7,8.36,'2025-03-13 13:10:01','2025-07-04 18:07:59',1),(116,10,8,7.74,'2025-03-13 13:10:01','2025-07-04 18:07:59',1),(117,10,9,7.74,'2025-03-13 13:10:01','2025-07-04 18:07:59',1),(118,10,10,7.74,'2025-03-13 13:10:01','2025-07-04 18:07:59',1),(119,10,11,7.74,'2025-03-13 13:10:01','2025-07-04 18:07:59',1),(120,10,12,7.74,'2025-03-13 13:10:01','2025-07-04 18:07:59',1),(122,11,2,9.08,'2025-03-13 13:10:26','2025-07-04 18:08:04',1),(123,11,3,8.36,'2025-03-13 13:10:26','2025-07-04 18:08:04',1),(124,11,4,7.79,'2025-03-13 13:10:26','2025-07-04 18:08:04',1),(125,11,5,7.40,'2025-03-13 13:10:26','2025-07-04 18:08:04',1),(126,11,6,7.17,'2025-03-13 13:10:26','2025-07-04 18:08:04',1),(127,11,7,6.92,'2025-03-13 13:10:26','2025-07-04 18:08:04',1),(128,11,8,6.45,'2025-03-13 13:10:26','2025-07-04 18:08:04',1),(129,11,9,6.45,'2025-03-13 13:10:26','2025-07-04 18:08:05',1),(130,11,10,6.45,'2025-03-13 13:10:26','2025-07-04 18:08:05',1),(131,11,11,6.45,'2025-03-13 13:10:26','2025-07-04 18:08:05',1),(132,11,12,6.45,'2025-03-13 13:10:26','2025-07-04 18:08:05',1),(134,12,2,13.37,'2025-03-13 17:22:35','2025-07-04 18:07:15',1),(135,12,3,11.93,'2025-03-13 17:22:35','2025-07-04 18:07:15',1),(136,12,4,11.46,'2025-03-13 17:22:35','2025-07-04 18:07:15',1),(137,12,5,10.99,'2025-03-13 17:22:35','2025-07-04 18:07:15',1),(138,12,6,10.50,'2025-03-13 17:22:35','2025-07-04 18:07:15',1),(139,12,7,10.02,'2025-03-13 17:22:35','2025-07-04 18:07:15',1),(140,12,8,9.55,'2025-03-13 17:22:35','2025-07-04 18:07:15',1),(141,12,9,9.50,'2025-03-13 17:22:35','2025-07-04 18:07:16',1),(142,12,10,9.45,'2025-03-13 17:22:35','2025-07-04 18:07:16',1),(143,12,11,9.45,'2025-03-13 17:22:35','2025-07-04 18:07:16',1),(144,12,12,9.45,'2025-03-13 17:22:35','2025-07-04 18:07:16',1),(194,17,2,11.46,'2025-03-13 18:19:44','2025-07-04 18:07:24',1),(195,17,3,9.56,'2025-03-13 18:19:44','2025-07-04 18:07:25',1),(196,17,4,9.28,'2025-03-13 18:19:44','2025-07-04 18:07:25',1),(197,17,5,8.92,'2025-03-13 18:19:44','2025-07-04 18:07:25',1),(198,17,6,8.46,'2025-03-13 18:19:44','2025-07-04 18:07:25',1),(199,17,7,8.32,'2025-03-13 18:19:44','2025-07-04 18:07:25',1),(200,17,8,8.18,'2025-03-13 18:19:44','2025-07-04 18:07:25',1),(201,17,9,8.15,'2025-03-13 18:19:44','2025-07-04 18:07:25',1),(202,17,10,8.10,'2025-03-13 18:19:44','2025-07-04 18:07:25',1),(203,17,11,8.10,'2025-03-13 18:19:44','2025-07-04 18:07:25',1),(204,17,12,8.10,'2025-03-13 18:19:44','2025-07-04 18:07:25',1),(217,18,13,26.73,'2025-06-16 13:55:14','2025-07-04 18:02:17',2),(218,18,14,25.30,'2025-06-16 13:55:14','2025-07-04 18:02:17',2),(219,18,15,24.73,'2025-06-16 13:55:14','2025-07-04 18:02:17',2),(220,18,16,24.16,'2025-06-16 13:55:14','2025-07-04 18:02:17',2),(221,18,17,23.06,'2025-06-16 13:55:14','2025-07-04 18:02:17',2),(222,18,18,22.06,'2025-06-16 13:55:14','2025-07-04 18:02:17',2),(242,19,14,17.19,'2025-06-16 13:55:25','2025-07-04 18:03:45',2),(243,19,15,15.75,'2025-06-16 13:55:25','2025-07-04 18:03:45',2),(244,19,16,14.32,'2025-06-16 13:55:25','2025-07-04 18:03:45',2),(245,19,17,13.18,'2025-06-16 13:55:25','2025-07-04 18:03:45',2),(246,19,18,12.70,'2025-06-16 13:55:25','2025-07-04 18:03:45',2),(247,19,19,12.22,'2025-06-16 13:55:25','2025-07-04 18:03:45',2),(248,19,20,11.27,'2025-06-16 13:55:25','2025-07-04 18:03:46',2),(249,19,21,11.22,'2025-06-16 13:55:25','2025-07-04 18:03:46',2),(250,19,22,11.18,'2025-06-16 13:55:25','2025-07-04 18:03:46',2),(251,19,23,11.18,'2025-06-16 13:55:25','2025-07-04 18:03:46',2),(252,19,24,11.18,'2025-06-16 13:55:25','2025-07-04 18:03:46',2),(266,20,14,16.61,'2025-06-16 13:55:33','2025-07-04 18:03:51',2),(267,20,15,15.19,'2025-06-16 13:55:33','2025-07-04 18:03:51',2),(268,20,16,13.76,'2025-06-16 13:55:33','2025-07-04 18:03:51',2),(269,20,17,12.80,'2025-06-16 13:55:33','2025-07-04 18:03:51',2),(270,20,18,12.31,'2025-06-16 13:55:33','2025-07-04 18:03:51',2),(271,20,19,11.85,'2025-06-16 13:55:33','2025-07-04 18:03:51',2),(272,20,20,10.88,'2025-06-16 13:55:33','2025-07-04 18:03:51',2),(273,20,21,10.85,'2025-06-16 13:55:33','2025-07-04 18:03:52',2),(274,20,22,10.79,'2025-06-16 13:55:33','2025-07-04 18:03:52',2),(275,20,23,10.79,'2025-06-16 13:55:33','2025-07-04 18:03:52',2),(276,20,24,10.79,'2025-06-16 13:55:33','2025-07-04 18:03:52',2),(290,21,14,13.85,'2025-06-16 13:55:41','2025-07-04 18:03:58',2),(291,21,15,12.41,'2025-06-16 13:55:41','2025-07-04 18:03:58',2),(292,21,16,11.93,'2025-06-16 13:55:41','2025-07-04 18:03:59',2),(293,21,17,11.45,'2025-06-16 13:55:41','2025-07-04 18:03:59',2),(294,21,18,10.98,'2025-06-16 13:55:41','2025-07-04 18:03:59',2),(295,21,19,10.50,'2025-06-16 13:55:41','2025-07-04 18:03:59',2),(296,21,20,10.02,'2025-06-16 13:55:41','2025-07-04 18:04:00',2),(297,21,21,9.98,'2025-06-16 13:55:41','2025-07-04 18:04:00',2),(298,21,22,9.95,'2025-06-16 13:55:41','2025-07-04 18:04:01',2),(299,21,23,9.95,'2025-06-16 13:55:41','2025-07-04 18:04:01',2),(300,21,24,9.95,'2025-06-16 13:55:41','2025-07-04 18:04:01',2),(314,22,14,13.37,'2025-06-16 13:55:49','2025-07-04 18:04:06',2),(315,22,15,11.93,'2025-06-16 13:55:49','2025-07-04 18:04:06',2),(316,22,16,11.46,'2025-06-16 13:55:49','2025-07-04 18:04:06',2),(317,22,17,10.99,'2025-06-16 13:55:49','2025-07-04 18:04:06',2),(318,22,18,10.50,'2025-06-16 13:55:49','2025-07-04 18:04:06',2),(319,22,19,10.02,'2025-06-16 13:55:49','2025-07-04 18:04:06',2),(320,22,20,9.55,'2025-06-16 13:55:49','2025-07-04 18:04:06',2),(321,22,21,9.50,'2025-06-16 13:55:49','2025-07-04 18:04:06',2),(322,22,22,9.45,'2025-06-16 13:55:49','2025-07-04 18:04:06',2),(323,22,23,9.45,'2025-06-16 13:55:49','2025-07-04 18:04:07',2),(324,22,24,9.45,'2025-06-16 13:55:49','2025-07-04 18:04:07',2),(338,23,14,11.46,'2025-06-16 13:55:55','2025-07-04 18:04:12',2),(339,23,15,9.56,'2025-06-16 13:55:55','2025-07-04 18:04:12',2),(340,23,16,9.28,'2025-06-16 13:55:55','2025-07-04 18:04:12',2),(341,23,17,8.92,'2025-06-16 13:55:55','2025-07-04 18:04:12',2),(342,23,18,8.46,'2025-06-16 13:55:55','2025-07-04 18:04:12',2),(343,23,19,8.32,'2025-06-16 13:55:55','2025-07-04 18:04:12',2),(344,23,20,8.18,'2025-06-16 13:55:55','2025-07-04 18:04:12',2),(345,23,21,8.15,'2025-06-16 13:55:55','2025-07-04 18:04:12',2),(346,23,22,8.10,'2025-06-16 13:55:55','2025-07-04 18:04:13',2),(347,23,23,8.10,'2025-06-16 13:55:55','2025-07-04 18:04:13',2),(348,23,24,8.10,'2025-06-16 13:55:55','2025-07-04 18:04:13',2),(362,24,14,22.91,'2025-06-16 13:56:13','2025-07-04 18:04:26',2),(363,24,15,21.49,'2025-06-16 13:56:13','2025-07-04 18:04:26',2),(364,24,16,20.53,'2025-06-16 13:56:13','2025-07-04 18:04:26',2),(365,24,17,20.05,'2025-06-16 13:56:13','2025-07-04 18:04:26',2),(366,24,18,19.10,'2025-06-16 13:56:13','2025-07-04 18:04:26',2),(367,24,19,18.90,'2025-06-16 13:56:13','2025-07-04 18:04:26',2),(368,24,20,18.62,'2025-06-16 13:56:13','2025-07-04 18:04:26',2),(369,24,21,18.62,'2025-06-16 13:56:13','2025-07-04 18:04:26',2),(370,24,22,18.62,'2025-06-16 13:56:13','2025-07-04 18:04:26',2),(371,24,23,18.62,'2025-06-16 13:56:13','2025-07-04 18:04:26',2),(386,25,14,21.96,'2025-06-16 13:56:20','2025-07-04 18:04:32',2),(387,25,15,21.00,'2025-06-16 13:56:20','2025-07-04 18:04:32',2),(388,25,16,20.05,'2025-06-16 13:56:20','2025-07-04 18:04:32',2),(389,25,17,19.10,'2025-06-16 13:56:20','2025-07-04 18:04:32',2),(390,25,18,18.62,'2025-06-16 13:56:20','2025-07-04 18:04:32',2),(391,25,19,18.43,'2025-06-16 13:56:20','2025-07-04 18:04:32',2),(392,25,20,18.14,'2025-06-16 13:56:20','2025-07-04 18:04:32',2),(393,25,21,18.14,'2025-06-16 13:56:20','2025-07-04 18:04:32',2),(394,25,22,18.14,'2025-06-16 13:56:20','2025-07-04 18:04:32',2),(395,25,23,18.14,'2025-06-16 13:56:20','2025-07-04 18:04:32',2),(396,25,24,18.14,'2025-06-16 13:56:20','2025-07-04 18:04:32',2),(410,26,14,17.67,'2025-06-16 13:56:28','2025-07-04 18:04:37',2),(411,26,15,16.71,'2025-06-16 13:56:28','2025-07-04 18:04:37',2),(412,26,16,16.23,'2025-06-16 13:56:28','2025-07-04 18:04:37',2),(413,26,17,15.28,'2025-06-16 13:56:28','2025-07-04 18:04:37',2),(414,26,18,14.80,'2025-06-16 13:56:28','2025-07-04 18:04:37',2),(415,26,19,14.51,'2025-06-16 13:56:28','2025-07-04 18:04:37',2),(416,26,20,14.32,'2025-06-16 13:56:28','2025-07-04 18:04:37',2),(417,26,21,14.32,'2025-06-16 13:56:28','2025-07-04 18:04:37',2),(418,26,22,14.32,'2025-06-16 13:56:28','2025-07-04 18:04:37',2),(419,26,23,14.32,'2025-06-16 13:56:28','2025-07-04 18:04:37',2),(420,26,24,14.32,'2025-06-16 13:56:28','2025-07-04 18:04:37',2),(434,27,14,11.37,'2025-06-16 13:56:41','2025-07-04 18:05:46',2),(435,27,15,10.50,'2025-06-16 13:56:41','2025-07-04 18:05:46',2),(436,27,16,9.74,'2025-06-16 13:56:41','2025-07-04 18:05:46',2),(437,27,17,8.79,'2025-06-16 13:56:41','2025-07-04 18:05:46',2),(438,27,18,8.55,'2025-06-16 13:56:41','2025-07-04 18:05:46',2),(439,27,19,8.36,'2025-06-16 13:56:41','2025-07-04 18:05:46',2),(440,27,20,7.74,'2025-06-16 13:56:41','2025-07-04 18:05:46',2),(441,27,21,7.74,'2025-06-16 13:56:41','2025-07-04 18:05:46',2),(442,27,22,7.74,'2025-06-16 13:56:41','2025-07-04 18:05:46',2),(443,27,23,7.74,'2025-06-16 13:56:41','2025-07-04 18:05:47',2),(444,27,24,7.74,'2025-06-16 13:56:41','2025-07-04 18:05:47',2),(458,28,14,9.08,'2025-06-16 13:56:47','2025-07-04 18:05:52',2),(459,28,15,8.36,'2025-06-16 13:56:47','2025-07-04 18:05:52',2),(460,28,16,7.79,'2025-06-16 13:56:47','2025-07-04 18:05:52',2),(461,28,17,7.40,'2025-06-16 13:56:47','2025-07-04 18:05:52',2),(462,28,18,7.17,'2025-06-16 13:56:47','2025-07-04 18:05:52',2),(463,28,19,6.92,'2025-06-16 13:56:47','2025-07-04 18:05:53',2),(464,28,20,6.45,'2025-06-16 13:56:47','2025-07-04 18:05:53',2),(465,28,21,6.45,'2025-06-16 13:56:47','2025-07-04 18:05:53',2),(466,28,22,6.45,'2025-06-16 13:56:47','2025-07-04 18:05:53',2),(467,28,23,6.45,'2025-06-16 13:56:47','2025-07-04 18:05:53',2),(468,28,24,6.45,'2025-06-16 13:56:47','2025-07-04 18:05:53',2);
/*!40000 ALTER TABLE `product_prices` ENABLE KEYS */;
UNLOCK TABLES;

--
-- Table structure for table `products`
--

DROP TABLE IF EXISTS `products`;
/*!40101 SET @saved_cs_client     = @@character_set_client */;
/*!50503 SET character_set_client = utf8mb4 */;
CREATE TABLE `products` (
  `id` bigint unsigned NOT NULL AUTO_INCREMENT,
  `category_id` bigint unsigned NOT NULL,
  `name` varchar(255) CHARACTER SET utf8mb4 COLLATE utf8mb4_unicode_ci NOT NULL,
  `descricao` text CHARACTER SET utf8mb4 COLLATE utf8mb4_unicode_ci NOT NULL,
  `created_at` timestamp NULL DEFAULT NULL,
  `updated_at` timestamp NULL DEFAULT NULL,
  `empresa_id` bigint unsigned DEFAULT NULL,
  PRIMARY KEY (`id`),
  KEY `products_category_id_foreign` (`category_id`),
  KEY `products_empresa_id_foreign` (`empresa_id`),
  CONSTRAINT `products_category_id_foreign` FOREIGN KEY (`category_id`) REFERENCES `categories` (`id`) ON DELETE CASCADE,
  CONSTRAINT `products_empresa_id_foreign` FOREIGN KEY (`empresa_id`) REFERENCES `empresas` (`id`) ON DELETE SET NULL
) ENGINE=InnoDB AUTO_INCREMENT=32 DEFAULT CHARSET=utf8mb4 COLLATE=utf8mb4_unicode_ci;
/*!40101 SET character_set_client = @saved_cs_client */;

--
-- Dumping data for table `products`
--

LOCK TABLES `products` WRITE;
/*!40000 ALTER TABLE `products` DISABLE KEYS */;
INSERT INTO `products` VALUES (1,1,'LINHA PRIME','Boné americano ou 6 gomos, todo de tecido,  de brim, twil, supercap ou suede,ou tecido com tela HARD BRANNIL, entretela de memória, botão Lola de metal e fecho de plástico. Aba simples 3.0. Incluso 1 aplique com silk relevo frontal ou 1 bordado frontal e lateral.','2025-03-13 05:57:32','2025-03-13 17:21:23',1),(2,1,'LINHA PROMO 1','Boné americano ou 6 gomos, todo de tecido de brim, twil, supercap ou suede, entretela de memória, rebate frontal, botão Lola de metal e fecho de plástico. Aba simples.','2025-03-13 06:02:28','2025-03-13 06:02:28',1),(3,1,'LINHA PROMO 2','Boné TRUCKER ou 6 gomos com tela, tecido de brim, twil, supercap ou suede na parte frontal e laterais e traseiro de tela Lola, entretela de memória, rebate frontal, botão Lola de metal e fecho de plástico. Aba simples.','2025-03-13 06:02:56','2025-03-13 18:15:59',1),(4,1,'LINHA PROMO 3','Boné americano ou 6 gomos, todo de tecido de brim, twil ou suede, entretela comum, botão de plástico encapado e fecho de plástico. Aba simples.','2025-03-13 06:03:17','2025-03-13 18:17:33',1),(7,3,'BRIM PESADO','Chapéu modelo australiano, confeccionado tem tecido de brim pesado, dublado de TNT. Cordão com pingente e 2 botões de pressão.','2025-03-13 13:02:52','2025-03-13 13:02:52',1),(8,3,'BRIM LEVE','Chapéu modelo australiano, confeccionado tem tecido de brim leve, dublado de TNT. Cordão com pingente e 2 botões de pressão.','2025-03-13 13:03:09','2025-03-13 13:03:09',1),(9,3,'MICROFIBRA','Chapéu modelo australiano, confeccionado tem tecido de microfibra, dublado de TNT. Cordão com pingente e 2 botões de pressão.','2025-03-13 13:07:50','2025-03-13 13:07:50',1),(10,4,'PROMO 1 (BRIM C/ CARNEIRA P5)','Viseira, confeccionada em tecido de brim, carneira P5, fecho de velcro e entretelada de forrinho.','2025-03-13 13:10:01','2025-03-13 13:10:01',1),(11,4,'PROMO 2 (MICRO C/ CARNEIRA ESPUMADA)','Viseira, confeccionada em tecido de microfibra, carneira espumada, fecho de velcro e entretelada de forrinho.','2025-03-13 13:10:26','2025-03-13 13:10:26',1),(12,1,'LINHA PROMO 4','Boné Trucker ou 6 gomos com tela, tecido de brim, twil ou suede na parte frontal e laterais e traseiro de tela Lola, entretela comum, botão de plástico encapado e fecho de plástico. Aba simples.','2025-03-13 17:22:35','2025-03-13 18:18:46',1),(17,1,'LINHA PROMO 5','Boné modelo americano, 6 gomos ou japonês, tecido de micro, aba simples, fecho de plastico. Botão de plástico encapado.','2025-03-13 18:19:44','2025-03-13 18:19:44',1),(18,5,'LINHA PRIME','Boné americano ou 6 gomos, todo de tecido, de brim, twil, supercap ou suede,ou tecido com tela HARD BRANNIL, entretela de memória, botão Lola de metal e fecho de plástico. Aba simples 3.0. Incluso 1 aplique com silk relevo frontal ou 1 bordado frontal e lateral.','2025-06-16 13:55:14','2025-06-16 13:55:14',2),(19,5,'LINHA PROMO 1','Boné americano ou 6 gomos, todo de tecido de brim, twil, supercap ou suede, entretela de memória, rebate frontal, botão Lola de metal e fecho de plástico. Aba simples','2025-06-16 13:55:25','2025-06-16 13:55:25',2),(20,5,'LINHA PROMO 2','Boné TRUCKER ou 6 gomos com tela, tecido de brim, twil, supercap ou suede na parte frontal e laterais e traseiro de tela Lola, entretela de memória, rebate frontal, botão Lola de metal e fecho de plástico. Aba simples.','2025-06-16 13:55:33','2025-06-16 13:55:33',2),(21,5,'LINHA PROMO 3','Boné americano ou 6 gomos, todo de tecido de brim, twil ou suede, entretela comum, botão de plástico encapado e fecho de plástico. Aba simples.','2025-06-16 13:55:41','2025-06-16 13:55:41',2),(22,5,'LINHA PROMO 4','Boné Trucker ou 6 gomos com tela, tecido de brim, twil ou suede na parte frontal e laterais e traseiro de tela Lola, entretela comum, botão de plástico encapado e fecho de plástico. Aba simples.','2025-06-16 13:55:49','2025-06-16 13:55:49',2),(23,5,'LINHA PROMO 5','Boné modelo americano, 6 gomos ou japonês, tecido de micro, aba simples, fecho de plastico. Botão de plástico encapado.','2025-06-16 13:55:55','2025-06-16 13:55:55',2),(24,6,'BRIM PESADO','Chapéu modelo australiano, confeccionado tem tecido de brim pesado, dublado de TNT. Cordão com pingente e 2 botões de pressão.','2025-06-16 13:56:13','2025-06-16 13:56:13',2),(25,6,'BRIM LEVE','Chapéu modelo australiano, confeccionado tem tecido de brim leve, dublado de TNT. Cordão com pingente e 2 botões de pressão.','2025-06-16 13:56:20','2025-06-16 13:56:20',2),(26,6,'MICROFIBRA','Chapéu modelo australiano, confeccionado tem tecido de microfibra, dublado de TNT. Cordão com pingente e 2 botões de pressão.','2025-06-16 13:56:28','2025-06-16 13:56:28',2),(27,7,'PROMO 1 (BRIM C/ CARNEIRA P5)','Viseira, confeccionada em tecido de brim, carneira P5, fecho de velcro e entretelada de forrinho.','2025-06-16 13:56:41','2025-06-16 13:56:41',2),(28,7,'PROMO 2 (MICRO C/ CARNEIRA ESPUMADA)','Viseira, confeccionada em tecido de microfibra, carneira espumada, fecho de velcro e entretelada de forrinho.','2025-06-16 13:56:47','2025-06-16 13:56:47',2);
/*!40000 ALTER TABLE `products` ENABLE KEYS */;
UNLOCK TABLES;

--
-- Table structure for table `sessions`
--

DROP TABLE IF EXISTS `sessions`;
/*!40101 SET @saved_cs_client     = @@character_set_client */;
/*!50503 SET character_set_client = utf8mb4 */;
CREATE TABLE `sessions` (
  `id` varchar(255) CHARACTER SET utf8mb4 COLLATE utf8mb4_unicode_ci NOT NULL,
  `user_id` bigint unsigned DEFAULT NULL,
  `ip_address` varchar(45) CHARACTER SET utf8mb4 COLLATE utf8mb4_unicode_ci DEFAULT NULL,
  `user_agent` text CHARACTER SET utf8mb4 COLLATE utf8mb4_unicode_ci,
  `payload` longtext CHARACTER SET utf8mb4 COLLATE utf8mb4_unicode_ci NOT NULL,
  `last_activity` int NOT NULL,
  PRIMARY KEY (`id`),
  KEY `sessions_user_id_index` (`user_id`),
  KEY `sessions_last_activity_index` (`last_activity`)
) ENGINE=InnoDB DEFAULT CHARSET=utf8mb4 COLLATE=utf8mb4_unicode_ci;
/*!40101 SET character_set_client = @saved_cs_client */;

--
-- Dumping data for table `sessions`
--

LOCK TABLES `sessions` WRITE;
/*!40000 ALTER TABLE `sessions` DISABLE KEYS */;
INSERT INTO `sessions` VALUES ('0JvnheVxLKVd7nu0uTBr8FxIJYMjSXE5pMdsBkQI',NULL,'162.216.149.160','Expanse, a Palo Alto Networks company, searches across the global IPv4 space multiple times per day to identify customers&#39; presences on the Internet. If you would like to be excluded from our scans, please send IP addresses/domains to: scaninfo@paloaltonetworks.com','YTozOntzOjY6Il90b2tlbiI7czo0MDoiUGJSWU92UVBpMWhYNXJWaUhIN0ZIU09MdXBrNlJXUUlBcnJiSE9oRCI7czo5OiJfcHJldmlvdXMiO2E6MTp7czozOiJ1cmwiO3M6MjE6Imh0dHBzOi8vNDUuMTg3LjE2Ni42MCI7fXM6NjoiX2ZsYXNoIjthOjI6e3M6Mzoib2xkIjthOjA6e31zOjM6Im5ldyI7YTowOnt9fX0=',1742943360),('0m18iHVGtSQDWzphAqfM7NIfm5qjDF2uXOk3e8hP',NULL,'18.224.71.194','Mozilla/5.0 (Macintosh; Intel Mac OS X 10_15_7) Chrome/126.0.0.0 Safari/537.36','YTozOntzOjY6Il90b2tlbiI7czo0MDoiSzlmM2pKN2lCZTV0cmhSOWxFQTBlOE5CbnVmZUtudXRxVHdLZE14aSI7czo5OiJfcHJldmlvdXMiO2E6MTp7czozOiJ1cmwiO3M6MjE6Imh0dHBzOi8vNDUuMTg3LjE2Ni42MCI7fXM6NjoiX2ZsYXNoIjthOjI6e3M6Mzoib2xkIjthOjA6e31zOjM6Im5ldyI7YTowOnt9fX0=',1742925152),('0N7ZI2fadY944TimXrpoyxEeWGOSf5cS2Yy1sQcW',NULL,'205.210.31.44','','YTozOntzOjY6Il90b2tlbiI7czo0MDoiNXpsbDlwVnRKem5iMzA4aE9oaXhFS3hVSHF3QjViMzgwamtxOFVYZiI7czo5OiJfcHJldmlvdXMiO2E6MTp7czozOiJ1cmwiO3M6MzE6Imh0dHBzOi8vYXBpLm1pbmhhY290YWNhby5jb20uYnIiO31zOjY6Il9mbGFzaCI7YToyOntzOjM6Im9sZCI7YTowOnt9czozOiJuZXciO2E6MDp7fX19',1743251982),('0S7g8TBqcnGzTlSwustkidc8CeGh9974Il6fkRkU',NULL,'71.6.134.231','Mozilla/5.0 (Windows NT 10.0; Win64; x64) AppleWebKit/537.36 (KHTML, like Gecko) Chrome/133.0.0.0 Safari/537.36','YTozOntzOjY6Il90b2tlbiI7czo0MDoid2FkSXZ0czRUSEl1bEVVRWxVbG5MYTRYV3VlbmNBOGxTR3cwM1NpQiI7czo5OiJfcHJldmlvdXMiO2E6MTp7czozOiJ1cmwiO3M6MzE6Imh0dHBzOi8vYXBpLm1pbmhhY290YWNhby5jb20uYnIiO31zOjY6Il9mbGFzaCI7YToyOntzOjM6Im9sZCI7YTowOnt9czozOiJuZXciO2E6MDp7fX19',1750684228),('1F2gVU5Nc7Aecmx0IVfhgb92Ih42iMXa0hZCTD7L',NULL,'3.84.86.43','Mozilla/5.0 (X11; Ubuntu; Linux i686; rv:24.0) Gecko/20100101 Firefox/24.0','YTozOntzOjY6Il90b2tlbiI7czo0MDoiRWFaclltTUJYeWlVcTRiTXlZUVNUMzRPWFpBVmtVc1U0UUluVzJtViI7czo5OiJfcHJldmlvdXMiO2E6MTp7czozOiJ1cmwiO3M6MzE6Imh0dHBzOi8vYXBpLm1pbmhhY290YWNhby5jb20uYnIiO31zOjY6Il9mbGFzaCI7YToyOntzOjM6Im9sZCI7YTowOnt9czozOiJuZXciO2E6MDp7fX19',1747939193),('1sXQ1IOimhWdwzHat5qypq662tJ0NjQ3zZOkmWKg',NULL,'54.92.197.155','Mozilla/5.0 (X11; Ubuntu; Linux i686; rv:24.0) Gecko/20100101 Firefox/24.0','YTozOntzOjY6Il90b2tlbiI7czo0MDoic3JTOWcyR054WTh4VHpKTkx4UTJyd042TTBQdWZhTjdrM1N6ckxyaSI7czo5OiJfcHJldmlvdXMiO2E6MTp7czozOiJ1cmwiO3M6MzE6Imh0dHBzOi8vYXBpLm1pbmhhY290YWNhby5jb20uYnIiO31zOjY6Il9mbGFzaCI7YToyOntzOjM6Im9sZCI7YTowOnt9czozOiJuZXciO2E6MDp7fX19',1744208462),('365t5Ma71jFHmiSqjen7ojwDEAAjSiyHCsBpiM34',NULL,'194.164.107.5','Mozilla/5.0 (Windows NT 10.0; Win64; x64) AppleWebKit/537.36 (KHTML, like Gecko) Chrome/133.0.0.0 Safari/537.36','YTozOntzOjY6Il90b2tlbiI7czo0MDoiRWI3Q3NsNjlWS0ZvYVM1UXZ5QjZFRzAxaHhQc2dSV0RBcVhhOXIzaSI7czo5OiJfcHJldmlvdXMiO2E6MTp7czozOiJ1cmwiO3M6MzE6Imh0dHBzOi8vYXBpLm1pbmhhY290YWNhby5jb20uYnIiO31zOjY6Il9mbGFzaCI7YToyOntzOjM6Im9sZCI7YTowOnt9czozOiJuZXciO2E6MDp7fX19',1749007054),('3hwcEZ3QzO3lSpLzrOGNXEjy3SQNFKl1EwAjAIg9',NULL,'121.29.178.93','','YTozOntzOjY6Il90b2tlbiI7czo0MDoiSUpYVjhSOUxpT1V0OXRvYkpqaTliR3lsMVpzaUk5MTZ2R01TNk9vWiI7czo5OiJfcHJldmlvdXMiO2E6MTp7czozOiJ1cmwiO3M6MjE6Imh0dHBzOi8vNDUuMTg3LjE2Ni42MCI7fXM6NjoiX2ZsYXNoIjthOjI6e3M6Mzoib2xkIjthOjA6e31zOjM6Im5ldyI7YTowOnt9fX0=',1742931345),('3qR8bdmEUsjHTN7J7APMs8mYdzP0YWt2NyTPo7cc',NULL,'162.142.125.208','Mozilla/5.0 (compatible; CensysInspect/1.1; +https://about.censys.io/)','YTozOntzOjY6Il90b2tlbiI7czo0MDoiWlV1TW9MT2FvNXJzbkZXa0pDYW9BTkxrd2U2YWlLaHFaNERxZzJLQyI7czo5OiJfcHJldmlvdXMiO2E6MTp7czozOiJ1cmwiO3M6MzE6Imh0dHBzOi8vYXBpLm1pbmhhY290YWNhby5jb20uYnIiO31zOjY6Il9mbGFzaCI7YToyOntzOjM6Im9sZCI7YTowOnt9czozOiJuZXciO2E6MDp7fX19',1745428977),('48F7EMJ54iM3FzuswULMGb0oH2VkOWf7w05QpDNk',NULL,'34.140.186.203','python-requests/2.32.3','YTozOntzOjY6Il90b2tlbiI7czo0MDoiZXEwVjd1QXpEYWdLN1ZBdm5KNFlIdFlycjQ0TTlwZnFmOEF0NGhJRCI7czo5OiJfcHJldmlvdXMiO2E6MTp7czozOiJ1cmwiO3M6MjE6Imh0dHBzOi8vNDUuMTg3LjE2Ni42MCI7fXM6NjoiX2ZsYXNoIjthOjI6e3M6Mzoib2xkIjthOjA6e31zOjM6Im5ldyI7YTowOnt9fX0=',1742996425),('4b4OkKoZYYQnBpreV85Fiz9Lmy3zp46FJ8kxA9oy',NULL,'3.249.245.170','Mozilla/5.0 (Macintosh; Intel Mac OS X 10_7_2) AppleWebKit/535.1 (KHTML, like Gecko) Chrome/14.0.835.186 Safari/535.1','YTozOntzOjY6Il90b2tlbiI7czo0MDoiTjd4YkxuTHdEekFyNlljMmtINWlRYUQ1enBocVlKUmZxRFRlWXVROSI7czo5OiJfcHJldmlvdXMiO2E6MTp7czozOiJ1cmwiO3M6MzE6Imh0dHBzOi8vYXBpLm1pbmhhY290YWNhby5jb20uYnIiO31zOjY6Il9mbGFzaCI7YToyOntzOjM6Im9sZCI7YTowOnt9czozOiJuZXciO2E6MDp7fX19',1747236610),('4q0rAWiXfDxd5OTepwoCbubAw2bZ6IByxCN8Aswg',NULL,'23.27.145.208','Mozilla/5.0 (X11; Linux i686; rv:109.0) Gecko/20100101 Firefox/120.0','YTozOntzOjY6Il90b2tlbiI7czo0MDoiUkM1R0xCOFRIVXU0MERITmFXbFdDUGRBbzEwY1FPakNvS1h1Z3JjdSI7czo5OiJfcHJldmlvdXMiO2E6MTp7czozOiJ1cmwiO3M6MzE6Imh0dHBzOi8vYXBpLm1pbmhhY290YWNhby5jb20uYnIiO31zOjY6Il9mbGFzaCI7YToyOntzOjM6Im9sZCI7YTowOnt9czozOiJuZXciO2E6MDp7fX19',1743106095),('5JLYd2sEQbAPToUiVPpsKFfinIa8tLiUD8Co4spK',NULL,'5.135.58.202','Mozilla/5.0 (X11; Ubuntu; Linux x86_64; rv:134.0) Gecko/20100101 Firefox/134.0','YTozOntzOjY6Il90b2tlbiI7czo0MDoiVlRxRzR4SFoxVExyeTZZTzNUNDhiNFc3UGlXUzZJaFY5UXM3dDlFaiI7czo5OiJfcHJldmlvdXMiO2E6MTp7czozOiJ1cmwiO3M6MzE6Imh0dHBzOi8vYXBpLm1pbmhhY290YWNhby5jb20uYnIiO31zOjY6Il9mbGFzaCI7YToyOntzOjM6Im9sZCI7YTowOnt9czozOiJuZXciO2E6MDp7fX19',1747249018),('5Lwl0yblooDHCqq0qrROj79grHMrg8Eeg1eucXEr',NULL,'190.92.174.31','Mozilla/5.0 (Windows NT 10.0; Win64; x64) AppleWebKit/537.36 (KHTML, like Gecko) Chrome/126.0.0.0 Safari/537.36 Edg/126.0.0.0','YTozOntzOjY6Il90b2tlbiI7czo0MDoiVmFiaWxFcFRSVmJhQlJBQVRjVnZmOGp4M3VKMHVIVEVJWHMzc05ndiI7czo5OiJfcHJldmlvdXMiO2E6MTp7czozOiJ1cmwiO3M6MzE6Imh0dHBzOi8vYXBpLm1pbmhhY290YWNhby5jb20uYnIiO31zOjY6Il9mbGFzaCI7YToyOntzOjM6Im9sZCI7YTowOnt9czozOiJuZXciO2E6MDp7fX19',1749053597),('6bag13TJfimim3PnoIYwpOOh3reFR7UsjUoFMfHX',NULL,'3.21.122.123','Mozilla/5.0 (Macintosh; Intel Mac OS X 10_15_7) Chrome/126.0.0.0 Safari/537.36','YTozOntzOjY6Il90b2tlbiI7czo0MDoiM2l4VU9TYzBHdkpBblo2MHdoUW1VYnFJMWEwaU03WXFQVDlmWnlEQSI7czo5OiJfcHJldmlvdXMiO2E6MTp7czozOiJ1cmwiO3M6MjE6Imh0dHBzOi8vNDUuMTg3LjE2Ni42MCI7fXM6NjoiX2ZsYXNoIjthOjI6e3M6Mzoib2xkIjthOjA6e31zOjM6Im5ldyI7YTowOnt9fX0=',1742921609),('6zC3YHqmKTB4K1MTCMSenaWc7tdhD11zRQ2TssS6',NULL,'195.178.110.159','l9tcpid/v1.1.0','YTozOntzOjY6Il90b2tlbiI7czo0MDoiZjNqVzNhWm16TnlYWnJ5TXZBTWRqMlBtbnJCc0dCMjZoaUxSV2tGbiI7czo5OiJfcHJldmlvdXMiO2E6MTp7czozOiJ1cmwiO3M6MjE6Imh0dHBzOi8vNDUuMTg3LjE2Ni42MCI7fXM6NjoiX2ZsYXNoIjthOjI6e3M6Mzoib2xkIjthOjA6e31zOjM6Im5ldyI7YTowOnt9fX0=',1743015848),('7m7iMyp2DLIswvMzIFRPFOZzbtdsHGmvrSIqLuvm',NULL,'34.90.220.251','Scrapy/2.12.0 (+https://scrapy.org)','YTozOntzOjY6Il90b2tlbiI7czo0MDoiZGdzeFJheDNQYldoYkUxbFU3Q3d2RWJDZ1RXa20xRzFqMEhPMDgzNyI7czo5OiJfcHJldmlvdXMiO2E6MTp7czozOiJ1cmwiO3M6MzE6Imh0dHBzOi8vYXBpLm1pbmhhY290YWNhby5jb20uYnIiO31zOjY6Il9mbGFzaCI7YToyOntzOjM6Im9sZCI7YTowOnt9czozOiJuZXciO2E6MDp7fX19',1744077230),('aco4yFWY97py9qEl9QxfhcVgfeVtt4NjbuNGJQtF',NULL,'195.178.110.163','l9tcpid/v1.1.0','YTozOntzOjY6Il90b2tlbiI7czo0MDoidThSRm1WRHVTMWtveEQ3ZDVDUkd3ZmdVdEowN05ZSk1nZ1czNHRWZCI7czo5OiJfcHJldmlvdXMiO2E6MTp7czozOiJ1cmwiO3M6MjE6Imh0dHBzOi8vNDUuMTg3LjE2Ni42MCI7fXM6NjoiX2ZsYXNoIjthOjI6e3M6Mzoib2xkIjthOjA6e31zOjM6Im5ldyI7YTowOnt9fX0=',1743067738),('Arb1IGCX6P7CF7v9JkCMukW8RVZVbLkrljTQd8yf',NULL,'3.253.160.168','Mozilla/5.0 (compatible; NetcraftSurveyAgent/1.0; +info@netcraft.com)','YTozOntzOjY6Il90b2tlbiI7czo0MDoiRlV4WFpFMGZwY3Z2MWVZWDlwSW00ODMwYU1EeEY5ZXpzR3BrNXZVMiI7czo5OiJfcHJldmlvdXMiO2E6MTp7czozOiJ1cmwiO3M6MzE6Imh0dHBzOi8vYXBpLm1pbmhhY290YWNhby5jb20uYnIiO31zOjY6Il9mbGFzaCI7YToyOntzOjM6Im9sZCI7YTowOnt9czozOiJuZXciO2E6MDp7fX19',1751487677),('ardSqLEKsqThHnu4JpDb0Hk2oGdaD1Ggt34evnD3',NULL,'162.142.125.38','Mozilla/5.0 (compatible; CensysInspect/1.1; +https://about.censys.io/)','YTozOntzOjY6Il90b2tlbiI7czo0MDoiWUg0WnRuOG9EbjFEU3J0dmU3N0NLa3NPenIzOVVXUHJLSnE3a2RvSCI7czo5OiJfcHJldmlvdXMiO2E6MTp7czozOiJ1cmwiO3M6MzE6Imh0dHBzOi8vYXBpLm1pbmhhY290YWNhby5jb20uYnIiO31zOjY6Il9mbGFzaCI7YToyOntzOjM6Im9sZCI7YTowOnt9czozOiJuZXciO2E6MDp7fX19',1746992358),('aTVqS2M50U0XoYyWgc1DZV0sJrqYLEgFveBijXTN',NULL,'79.234.196.63','','YTozOntzOjY6Il90b2tlbiI7czo0MDoiY1M5Q3NjYlRzR3Q0Yk5TaE10dHJRWTRTYVhHRmVQWlVmZUdjemlRUyI7czo5OiJfcHJldmlvdXMiO2E6MTp7czozOiJ1cmwiO3M6MjE6Imh0dHBzOi8vNDUuMTg3LjE2Ni42MCI7fXM6NjoiX2ZsYXNoIjthOjI6e3M6Mzoib2xkIjthOjA6e31zOjM6Im5ldyI7YTowOnt9fX0=',1742929570),('CAF28MaRHk2gJnMcyUHviZiMwpPWUPYucNWifGcQ',NULL,'195.178.110.75','Mozilla/5.0 (Macintosh; Intel Mac OS X 10_13_4) AppleWebKit/537.36 (KHTML, like Gecko) Chrome/76.0.3809.100 Safari/537.36','YTozOntzOjY6Il90b2tlbiI7czo0MDoiSEF4Ukp4NHRXZU9PdTFTelhrSWQ4RlFxdDZRb2lyalNvMElHRWlVZSI7czo5OiJfcHJldmlvdXMiO2E6MTp7czozOiJ1cmwiO3M6MzE6Imh0dHBzOi8vYXBpLm1pbmhhY290YWNhby5jb20uYnIiO31zOjY6Il9mbGFzaCI7YToyOntzOjM6Im9sZCI7YTowOnt9czozOiJuZXciO2E6MDp7fX19',1749574349),('Cd7XVql1hoMg2ogOrJE4IQwI0PUKaguOkDBnv6VL',NULL,'198.235.24.33','','YTozOntzOjY6Il90b2tlbiI7czo0MDoidHFxaG9MU1UyWjlPdG1McUNMSkZLdUFLdTFYMGl1OEo2Z0w0eTBYeCI7czo5OiJfcHJldmlvdXMiO2E6MTp7czozOiJ1cmwiO3M6MzE6Imh0dHBzOi8vYXBpLm1pbmhhY290YWNhby5jb20uYnIiO31zOjY6Il9mbGFzaCI7YToyOntzOjM6Im9sZCI7YTowOnt9czozOiJuZXciO2E6MDp7fX19',1746967116),('eDvMXOGu6KIoEWzFMXdYd4Nf8D1b5BdiRhgu3RWk',NULL,'68.183.87.185','Mozilla/5.0 (Windows NT 10.0; Win64; x64) AppleWebKit/537.36 (KHTML, like Gecko) Chrome/99.0.4859.172 Safari/537.36','YTozOntzOjY6Il90b2tlbiI7czo0MDoiM2szRXJ4NTBQbjM2Q3B6OWxOcHhGR1hFT1VHcGNtemVlUlEzSTR4WCI7czo5OiJfcHJldmlvdXMiO2E6MTp7czozOiJ1cmwiO3M6MzE6Imh0dHBzOi8vYXBpLm1pbmhhY290YWNhby5jb20uYnIiO31zOjY6Il9mbGFzaCI7YToyOntzOjM6Im9sZCI7YTowOnt9czozOiJuZXciO2E6MDp7fX19',1750542938),('ew9Aot9k8tcAnEjRucx7NrRA7sa927RqK57JH8HY',NULL,'3.252.155.250','Mozilla/5.0 (compatible; NetcraftSurveyAgent/1.0; +info@netcraft.com)','YTozOntzOjY6Il90b2tlbiI7czo0MDoiaDY3TEc4bmdZRWdwSFpyeEdHSFNGenJxdlBWOWJKMWVXZVFaQjd2RCI7czo5OiJfcHJldmlvdXMiO2E6MTp7czozOiJ1cmwiO3M6MzE6Imh0dHBzOi8vYXBpLm1pbmhhY290YWNhby5jb20uYnIiO31zOjY6Il9mbGFzaCI7YToyOntzOjM6Im9sZCI7YTowOnt9czozOiJuZXciO2E6MDp7fX19',1743857174),('f0ERlpADq3izyBlKAApOsiYKsO0DiJsftbVxSjun',NULL,'205.210.31.108','Expanse, a Palo Alto Networks company, searches across the global IPv4 space multiple times per day to identify customers&#39; presences on the Internet. If you would like to be excluded from our scans, please send IP addresses/domains to: scaninfo@paloaltonetworks.com','YTozOntzOjY6Il90b2tlbiI7czo0MDoiN3JUSzlTbjg4OFZKR3BPaVFObUdsOE43a1pxNndjTTZBUndlUkRpYyI7czo5OiJfcHJldmlvdXMiO2E6MTp7czozOiJ1cmwiO3M6MzE6Imh0dHBzOi8vYXBpLm1pbmhhY290YWNhby5jb20uYnIiO31zOjY6Il9mbGFzaCI7YToyOntzOjM6Im9sZCI7YTowOnt9czozOiJuZXciO2E6MDp7fX19',1747760905),('fMWdBA15nQNfohA65NAdhZV5OwZJ0Nuq4iAWnEX0',NULL,'91.196.152.81','Mozilla/5.0 (X11; Ubuntu; Linux x86_64; rv:134.0) Gecko/20100101 Firefox/134.0','YTozOntzOjY6Il90b2tlbiI7czo0MDoiZlRTcmZucFZwQzUydGlteVlrMFMyakFVajBDbmlzSVZzaXNVUXBJQiI7czo5OiJfcHJldmlvdXMiO2E6MTp7czozOiJ1cmwiO3M6MzE6Imh0dHBzOi8vYXBpLm1pbmhhY290YWNhby5jb20uYnIiO31zOjY6Il9mbGFzaCI7YToyOntzOjM6Im9sZCI7YTowOnt9czozOiJuZXciO2E6MDp7fX19',1747249524),('FOR0PYhWFS1EccV1bIgqV2X4o3ypuA1acnQFpImp',NULL,'18.207.157.115','Mozilla/5.0 (Windows NT 10.0; Win64; x64) AppleWebKit/537.36 (KHTML, like Gecko) Chrome/58.0.3029.110 Safari/537.3','YTozOntzOjY6Il90b2tlbiI7czo0MDoiOGlaWjZFWjlxNmJEWXVMSUFNNFJWSEtrTnd5SWZjRHVCMnIyUnpmeCI7czo5OiJfcHJldmlvdXMiO2E6MTp7czozOiJ1cmwiO3M6MzE6Imh0dHBzOi8vYXBpLm1pbmhhY290YWNhby5jb20uYnIiO31zOjY6Il9mbGFzaCI7YToyOntzOjM6Im9sZCI7YTowOnt9czozOiJuZXciO2E6MDp7fX19',1747488103),('fr6S2fGz7Iv0JmVeXBk0sIcqoUvcAWx8LBK6PrUB',NULL,'199.45.154.139','Mozilla/5.0 (compatible; CensysInspect/1.1; +https://about.censys.io/)','YTozOntzOjY6Il90b2tlbiI7czo0MDoiaWR0UmhvcGJLOTh0Slc2TDVTTHZLMUFsYUdHbmcwUW14RUhSb0dMcyI7czo5OiJfcHJldmlvdXMiO2E6MTp7czozOiJ1cmwiO3M6MzE6Imh0dHBzOi8vYXBpLm1pbmhhY290YWNhby5jb20uYnIiO31zOjY6Il9mbGFzaCI7YToyOntzOjM6Im9sZCI7YTowOnt9czozOiJuZXciO2E6MDp7fX19',1750111741),('Ghda9w7DN0SCIPtUzQjsIjioF23IqBEmcnoaWW6a',NULL,'66.29.132.7','Mozilla/5.0 (Macintosh; Intel Mac OS X 10_15_7; rv:125.0.1) Gecko/20100101 Firefox/125.0.1','YTozOntzOjY6Il90b2tlbiI7czo0MDoiTmw1U3FRMjRESFZmQ1JBZ1RpaUR5RnNjaHNseDBMZ3I2ZWZOMnRvSSI7czo5OiJfcHJldmlvdXMiO2E6MTp7czozOiJ1cmwiO3M6MzE6Imh0dHBzOi8vYXBpLm1pbmhhY290YWNhby5jb20uYnIiO31zOjY6Il9mbGFzaCI7YToyOntzOjM6Im9sZCI7YTowOnt9czozOiJuZXciO2E6MDp7fX19',1746155943),('GJOAeSRweBsCV1fMcqYzc7X41iRm2ro1p1sA2pKJ',NULL,'193.37.69.104','','YTozOntzOjY6Il90b2tlbiI7czo0MDoiaEtJazZFNnRKRXpGOWphTGpBbXlDOTV6VEI5YjJrY2ZRcjJQVTVPMyI7czo5OiJfcHJldmlvdXMiO2E6MTp7czozOiJ1cmwiO3M6MjE6Imh0dHBzOi8vNDUuMTg3LjE2Ni42MCI7fXM6NjoiX2ZsYXNoIjthOjI6e3M6Mzoib2xkIjthOjA6e31zOjM6Im5ldyI7YTowOnt9fX0=',1743017835),('gV9tk8NRCWboA8LNRzlmudM2bJPsdWfSL4EP1qz8',NULL,'159.223.132.86','Go-http-client/1.1','YTozOntzOjY6Il90b2tlbiI7czo0MDoiTlBnQ1M1QjROVjVCSE11UkhrODltb1F0TFMwR0NodGpFdGcxUjZWaSI7czo5OiJfcHJldmlvdXMiO2E6MTp7czozOiJ1cmwiO3M6NjU6Imh0dHBzOi8vYXBpLm1pbmhhY290YWNhby5jb20uYnIvP3Jlc3Rfcm91dGU9JTJGd3AlMkZ2MiUyRnVzZXJzJTJGIjt9czo2OiJfZmxhc2giO2E6Mjp7czozOiJvbGQiO2E6MDp7fXM6MzoibmV3IjthOjA6e319fQ==',1747152385),('h2GllJxpjkCySaBTGc3DGMhwrjC92jfHjH9GExE0',NULL,'94.159.110.103','Mozilla/5.0 (Windows NT 10.0; Win64; x64) AppleWebKit/537.36 (KHTML, like Gecko) Chrome/124.0.0.0 Safari/537.36','YTozOntzOjY6Il90b2tlbiI7czo0MDoiNXFwS1E4OTJWOGh3azY3TlozWThzMU8wTHBCcGpDRkNySnl5YXZ4VyI7czo5OiJfcHJldmlvdXMiO2E6MTp7czozOiJ1cmwiO3M6MzE6Imh0dHBzOi8vYXBpLm1pbmhhY290YWNhby5jb20uYnIiO31zOjY6Il9mbGFzaCI7YToyOntzOjM6Im9sZCI7YTowOnt9czozOiJuZXciO2E6MDp7fX19',1750071396),('HAIRJI8BGgFs2lZ90e66Etuy2gwGavKiEfWnJYRE',NULL,'20.171.207.94','Mozilla/5.0 AppleWebKit/537.36 (KHTML, like Gecko; compatible; GPTBot/1.2; +https://openai.com/gptbot)','YTozOntzOjY6Il90b2tlbiI7czo0MDoiWVM1M2ZSajVYN2Y3NjFqYlZsb2czWkVTNk1PNWxaNUdaMjRzVkpuUiI7czo5OiJfcHJldmlvdXMiO2E6MTp7czozOiJ1cmwiO3M6MzE6Imh0dHBzOi8vYXBpLm1pbmhhY290YWNhby5jb20uYnIiO31zOjY6Il9mbGFzaCI7YToyOntzOjM6Im9sZCI7YTowOnt9czozOiJuZXciO2E6MDp7fX19',1748650968),('hH1v7wiAXVzmgXDvJTI2l8RyIPlFp48RE3QWi9sz',NULL,'198.235.24.122','Expanse, a Palo Alto Networks company, searches across the global IPv4 space multiple times per day to identify customers&#39; presences on the Internet. If you would like to be excluded from our scans, please send IP addresses/domains to: scaninfo@paloaltonetworks.com','YTozOntzOjY6Il90b2tlbiI7czo0MDoiZVUxVE9QQlZ0MWFtZ280eGVGQWk0SmhMd3pIUWRqZ3ByUVhPc1JUVCI7czo5OiJfcHJldmlvdXMiO2E6MTp7czozOiJ1cmwiO3M6MzE6Imh0dHBzOi8vYXBpLm1pbmhhY290YWNhby5jb20uYnIiO31zOjY6Il9mbGFzaCI7YToyOntzOjM6Im9sZCI7YTowOnt9czozOiJuZXciO2E6MDp7fX19',1746784664),('hILtUNzeLEQwPOH1ZcnTqRVDjHA5ytKp3Bu3x1Ih',NULL,'198.235.24.9','','YTozOntzOjY6Il90b2tlbiI7czo0MDoiYWNkU2I0V0ZSazl0aTloUGYySjE3c0VTYU5sbTB4VmwwY1NRT1lVcyI7czo5OiJfcHJldmlvdXMiO2E6MTp7czozOiJ1cmwiO3M6MzE6Imh0dHBzOi8vYXBpLm1pbmhhY290YWNhby5jb20uYnIiO31zOjY6Il9mbGFzaCI7YToyOntzOjM6Im9sZCI7YTowOnt9czozOiJuZXciO2E6MDp7fX19',1744021193),('HPykhwAogZDCy2shglgcbFB4x7Fl6gw3Tk2yek8c',NULL,'149.57.180.81','Mozilla/5.0 (X11; Linux i686; rv:109.0) Gecko/20100101 Firefox/120.0','YTozOntzOjY6Il90b2tlbiI7czo0MDoiR284RDFQcGk2bW5pTjRMaXZQWnMybk9OTU55czJ5RnJodEtqdjcxeSI7czo5OiJfcHJldmlvdXMiO2E6MTp7czozOiJ1cmwiO3M6MzE6Imh0dHBzOi8vYXBpLm1pbmhhY290YWNhby5jb20uYnIiO31zOjY6Il9mbGFzaCI7YToyOntzOjM6Im9sZCI7YTowOnt9czozOiJuZXciO2E6MDp7fX19',1743115921),('ijR0Vgpeb9oS8B0SItIrOb6GGefr9R0glEA00QJo',NULL,'146.70.185.32','Mozilla/5.0 (Windows NT 10.0; Win64; x64) AppleWebKit/537.36 (KHTML, like Gecko) Chrome/58.0.3029.110 Safari/537.3','YToyOntzOjY6Il90b2tlbiI7czo0MDoiS055UlhlSTBPbVRuaXR2WlRzbUp4b0NzTGRkWFlPRDk5Nlh1MjZObyI7czo2OiJfZmxhc2giO2E6Mjp7czozOiJvbGQiO2E6MDp7fXM6MzoibmV3IjthOjA6e319fQ==',1747153091),('ijyoZunm8cxYhyCW0Lr7d3BQfHV4xTM9whrsZMA8',NULL,'137.184.175.39','Mozilla/5.0 (X11; Linux x86_64; rv:136.0) Gecko/20100101 Firefox/136.0','YTozOntzOjY6Il90b2tlbiI7czo0MDoiVnRHS3NJNjlMUDdmeVJFd2g1b0tuN2V0MVZYS2dBMlYxaUYyRVFPSiI7czo5OiJfcHJldmlvdXMiO2E6MTp7czozOiJ1cmwiO3M6MzE6Imh0dHBzOi8vYXBpLm1pbmhhY290YWNhby5jb20uYnIiO31zOjY6Il9mbGFzaCI7YToyOntzOjM6Im9sZCI7YTowOnt9czozOiJuZXciO2E6MDp7fX19',1748671789),('ipRaJg8uFtxaWqg5FmS2JG3XGkA4Uwx0J2Ri7gOS',NULL,'20.171.207.236','Mozilla/5.0 AppleWebKit/537.36 (KHTML, like Gecko; compatible; GPTBot/1.2; +https://openai.com/gptbot)','YTozOntzOjY6Il90b2tlbiI7czo0MDoicEZTb2hPWFVYTUxPcVFkTTlpSjdXMmFSYm5TZnBGdVlrMlJBcjYyOCI7czo5OiJfcHJldmlvdXMiO2E6MTp7czozOiJ1cmwiO3M6MzE6Imh0dHBzOi8vYXBpLm1pbmhhY290YWNhby5jb20uYnIiO31zOjY6Il9mbGFzaCI7YToyOntzOjM6Im9sZCI7YTowOnt9czozOiJuZXciO2E6MDp7fX19',1749550392),('iup5Wlu74nK4dFlCySJCl7CykkKJ8PcQObSqz4DH',NULL,'34.118.35.81','Mozilla/5.0 (iPhone13,2; U; CPU iPhone OS 14_0 like Mac OS X) AppleWebKit/602.1.50 (KHTML, like Gecko) Version/10.0 Mobile/15E148 Safari/602.1','YTozOntzOjY6Il90b2tlbiI7czo0MDoiNkRHT3ZxVzJrdXBvdjZjVGpVR2ZKaUpPbFdsTXB0MW9wcmg0c2daciI7czo5OiJfcHJldmlvdXMiO2E6MTp7czozOiJ1cmwiO3M6MzE6Imh0dHBzOi8vYXBpLm1pbmhhY290YWNhby5jb20uYnIiO31zOjY6Il9mbGFzaCI7YToyOntzOjM6Im9sZCI7YTowOnt9czozOiJuZXciO2E6MDp7fX19',1747308178),('iy4PDkJEJcPFsgBvwIq5ymyNWjx3SOMMAGnPgflN',NULL,'34.93.16.66','Mozilla/5.0 (Macintosh; Intel Mac OS X 13.3; rv:126.0) Gecko/20100101 Firefox/126.0','YTozOntzOjY6Il90b2tlbiI7czo0MDoiWmZQdzlsQmtHMHFIM0dSZlgzSXBlTHYzWERXMkVIWUNjenl2UVF1ZiI7czo5OiJfcHJldmlvdXMiO2E6MTp7czozOiJ1cmwiO3M6MzE6Imh0dHBzOi8vYXBpLm1pbmhhY290YWNhby5jb20uYnIiO31zOjY6Il9mbGFzaCI7YToyOntzOjM6Im9sZCI7YTowOnt9czozOiJuZXciO2E6MDp7fX19',1749172380),('J0vaA1OfD0he8BsoQS81DTKyeUELzAQpMJobbWc1',NULL,'162.142.125.213','Mozilla/5.0 (compatible; CensysInspect/1.1; +https://about.censys.io/)','YTozOntzOjY6Il90b2tlbiI7czo0MDoicThNamxDcXNPU1VsVzVLdXlpZFQ2MGtvbXRVaTdIOGpFYmpKT0hLOSI7czo5OiJfcHJldmlvdXMiO2E6MTp7czozOiJ1cmwiO3M6MzE6Imh0dHBzOi8vYXBpLm1pbmhhY290YWNhby5jb20uYnIiO31zOjY6Il9mbGFzaCI7YToyOntzOjM6Im9sZCI7YTowOnt9czozOiJuZXciO2E6MDp7fX19',1746137147),('J2F56H19PSJnsOKtCqWoLUZSfp5Xtwp6zaER7tcV',NULL,'18.203.68.66','Mozilla/5.0 (compatible; NetcraftSurveyAgent/1.0; +info@netcraft.com)','YTozOntzOjY6Il90b2tlbiI7czo0MDoiaHZWRDZ1QTNuaE83SGQ5T1pqNk1HMjBXbFZJYkpBYkVMN0lLV0dzNyI7czo5OiJfcHJldmlvdXMiO2E6MTp7czozOiJ1cmwiO3M6MzE6Imh0dHBzOi8vYXBpLm1pbmhhY290YWNhby5jb20uYnIiO31zOjY6Il9mbGFzaCI7YToyOntzOjM6Im9sZCI7YTowOnt9czozOiJuZXciO2E6MDp7fX19',1746277909),('j4PqUx83ItvOufebLCWHL0iYrcgH9YxYrbVBttF4',NULL,'169.150.201.132','Mozilla/5.0 (Windows NT 10.0; Win64; x64) AppleWebKit/537.36 (KHTML, like Gecko) Chrome/78.0.3904.108 Safari/537.36','YTozOntzOjY6Il90b2tlbiI7czo0MDoicUlUSHdNMVNFaFhwbW95MHFKWnRyMUhjNFQwTGkyMTJjcjFRVDd2aCI7czo5OiJfcHJldmlvdXMiO2E6MTp7czozOiJ1cmwiO3M6MzE6Imh0dHBzOi8vYXBpLm1pbmhhY290YWNhby5jb20uYnIiO31zOjY6Il9mbGFzaCI7YToyOntzOjM6Im9sZCI7YTowOnt9czozOiJuZXciO2E6MDp7fX19',1750759042),('j9qTdmFT6MEY139shT0psifFKHC6Mpntdhqetabp',NULL,'172.111.15.66','Mozilla/5.0 (iPad; CPU OS 11_4 like Mac OS X) AppleWebKit/605.1.15 (KHTML, like Gecko) Version/11.0 Mobile/15E148 Safari/604.1','YTozOntzOjY6Il90b2tlbiI7czo0MDoiRXJkSGZmelFydlVKTjlsRWxhUEhyQlNhYmdlUzNyNzlZWmJNSUZsNCI7czo5OiJfcHJldmlvdXMiO2E6MTp7czozOiJ1cmwiO3M6MzE6Imh0dHBzOi8vYXBpLm1pbmhhY290YWNhby5jb20uYnIiO31zOjY6Il9mbGFzaCI7YToyOntzOjM6Im9sZCI7YTowOnt9czozOiJuZXciO2E6MDp7fX19',1743517343),('JDdIKQcZ646wBJZeiqhFuXgPVSulhDVhwmGGpaWO',NULL,'34.243.7.76','Mozilla/5.0 (compatible; NetcraftSurveyAgent/1.0; +info@netcraft.com)','YTozOntzOjY6Il90b2tlbiI7czo0MDoiVzlQUDVXa1h5amd0OE1OM2xOcExzb3lZUnlzOWpDaWwyeGVNTUJSOCI7czo5OiJfcHJldmlvdXMiO2E6MTp7czozOiJ1cmwiO3M6MzE6Imh0dHBzOi8vYXBpLm1pbmhhY290YWNhby5jb20uYnIiO31zOjY6Il9mbGFzaCI7YToyOntzOjM6Im9sZCI7YTowOnt9czozOiJuZXciO2E6MDp7fX19',1749310458),('Jndzq6h0SqLR5Ba3KTDVcIwG66Nim8cJbGseeIvP',NULL,'94.156.177.120','Mozilla/5.0','YTozOntzOjY6Il90b2tlbiI7czo0MDoiU2tpdVJDdDZLUDYzTmxaSmZtOUY1MkNPeWJRRWMxSk5wUnJKZHJXQiI7czo5OiJfcHJldmlvdXMiO2E6MTp7czozOiJ1cmwiO3M6MzE6Imh0dHBzOi8vYXBpLm1pbmhhY290YWNhby5jb20uYnIiO31zOjY6Il9mbGFzaCI7YToyOntzOjM6Im9sZCI7YTowOnt9czozOiJuZXciO2E6MDp7fX19',1747924776),('jTxHa9NozhTX2Uhmu7jyj0WO6npaR4AKYDWpzqhN',NULL,'167.94.138.121','Mozilla/5.0 (compatible; CensysInspect/1.1; +https://about.censys.io/)','YTozOntzOjY6Il90b2tlbiI7czo0MDoiQmVpU1BLQUFURldJcU1wMEhaNGV4VUFIVzlqQlYwaXVJYjdYSzRkRCI7czo5OiJfcHJldmlvdXMiO2E6MTp7czozOiJ1cmwiO3M6MzE6Imh0dHBzOi8vYXBpLm1pbmhhY290YWNhby5jb20uYnIiO31zOjY6Il9mbGFzaCI7YToyOntzOjM6Im9sZCI7YTowOnt9czozOiJuZXciO2E6MDp7fX19',1747751418),('k16vzo7e7Lulevnkd9mjc3eqBzIZ8QFfk0Edb8H4',NULL,'34.91.100.6','Scrapy/2.12.0 (+https://scrapy.org)','YTozOntzOjY6Il90b2tlbiI7czo0MDoiemZQeDJ3STVCbDJTa29PY0dKOHg3R3l6VFhWM0pJZE1SdEhSdmV6MyI7czo5OiJfcHJldmlvdXMiO2E6MTp7czozOiJ1cmwiO3M6MzE6Imh0dHBzOi8vYXBpLm1pbmhhY290YWNhby5jb20uYnIiO31zOjY6Il9mbGFzaCI7YToyOntzOjM6Im9sZCI7YTowOnt9czozOiJuZXciO2E6MDp7fX19',1748695831),('K3ZKUtztBClcWdUPefSiUQZGshx6MV6R5f5if502',NULL,'97.74.89.246','Mozilla/5.0 (Windows NT 11.0; Win64; x64) AppleWebKit/537.36 (KHTML, like Gecko) Chrome/126.0.0.0 Safari/537.36','YTozOntzOjY6Il90b2tlbiI7czo0MDoiOW52c3gzbnZVaWdIWkozenJNVVBlV3U0a1hzdEk1eDE2TUxWbUF1MCI7czo5OiJfcHJldmlvdXMiO2E6MTp7czozOiJ1cmwiO3M6MzE6Imh0dHBzOi8vYXBpLm1pbmhhY290YWNhby5jb20uYnIiO31zOjY6Il9mbGFzaCI7YToyOntzOjM6Im9sZCI7YTowOnt9czozOiJuZXciO2E6MDp7fX19',1749483802),('KDZirLaQ9Gpwd6De7OlErVax7F5VvfX1JZNOjyXU',NULL,'66.240.236.116','Mozilla/5.0 zgrab/0.x','YTozOntzOjY6Il90b2tlbiI7czo0MDoic25GczRPNlhuTDdTZlBrcTlWUTUybktnVHRJckRKUGtDa3hmUmc4ZiI7czo5OiJfcHJldmlvdXMiO2E6MTp7czozOiJ1cmwiO3M6MjE6Imh0dHBzOi8vNDUuMTg3LjE2Ni42MCI7fXM6NjoiX2ZsYXNoIjthOjI6e3M6Mzoib2xkIjthOjA6e31zOjM6Im5ldyI7YTowOnt9fX0=',1742988270),('kfTEhWDhaOlGvjHwkp1M0eWmsVnHdyfpj0uHB9Tk',NULL,'159.223.209.189','Mozilla/5.0 (Windows NT 10.0; Win64; x64) AppleWebKit/537.36 (KHTML, like Gecko) Chrome/108.0.0.0 Safari/537.36','YTozOntzOjY6Il90b2tlbiI7czo0MDoiWEp2bVA3a3pIRXhJd1VGQm12UUdzS3dLTGxUbGdpckExY0duM1M0OCI7czo5OiJfcHJldmlvdXMiO2E6MTp7czozOiJ1cmwiO3M6MjE6Imh0dHBzOi8vNDUuMTg3LjE2Ni42MCI7fXM6NjoiX2ZsYXNoIjthOjI6e3M6Mzoib2xkIjthOjA6e31zOjM6Im5ldyI7YTowOnt9fX0=',1743026893),('Kgdj2xKVM9LaRRAcvg1lrtQDpoXFptyesrcWIeMH',NULL,'185.247.137.243','Mozilla/5.0 (compatible; InternetMeasurement/1.0; +https://internet-measurement.com/)','YTozOntzOjY6Il90b2tlbiI7czo0MDoiT05JRElSVmRvRHRFaUtKckVyckRrd3hYeWdidHYwSVpIVDBheGFlSiI7czo5OiJfcHJldmlvdXMiO2E6MTp7czozOiJ1cmwiO3M6MzE6Imh0dHBzOi8vYXBpLm1pbmhhY290YWNhby5jb20uYnIiO31zOjY6Il9mbGFzaCI7YToyOntzOjM6Im9sZCI7YTowOnt9czozOiJuZXciO2E6MDp7fX19',1748665775),('kI2W8ifv791hvq7Kf4sMuYCq5mofCoHGTdeN9hak',NULL,'162.142.125.215','Mozilla/5.0 (compatible; CensysInspect/1.1; +https://about.censys.io/)','YTozOntzOjY6Il90b2tlbiI7czo0MDoid2pSYTJ2QmJLVTRFRGpoMlQxVGQyTEFLNjd0UFZFaDJZYU9OZ1cyZiI7czo5OiJfcHJldmlvdXMiO2E6MTp7czozOiJ1cmwiO3M6MzE6Imh0dHBzOi8vYXBpLm1pbmhhY290YWNhby5jb20uYnIiO31zOjY6Il9mbGFzaCI7YToyOntzOjM6Im9sZCI7YTowOnt9czozOiJuZXciO2E6MDp7fX19',1743623876),('l13CUf81wtDg2JRzFAkSqmKJFQ1dMChcHYgSIgPY',NULL,'172.111.15.162','Mozilla/5.0 (iPad; CPU OS 11_4 like Mac OS X) AppleWebKit/605.1.15 (KHTML, like Gecko) Version/11.0 Mobile/15E148 Safari/604.1','YTozOntzOjY6Il90b2tlbiI7czo0MDoiS3VVZzBkc0V2d1dyMlA2UFRqTjFqMkZ5OWNJUUhuMUdtZ3VVM1ZTUSI7czo5OiJfcHJldmlvdXMiO2E6MTp7czozOiJ1cmwiO3M6MzE6Imh0dHBzOi8vYXBpLm1pbmhhY290YWNhby5jb20uYnIiO31zOjY6Il9mbGFzaCI7YToyOntzOjM6Im9sZCI7YTowOnt9czozOiJuZXciO2E6MDp7fX19',1743207724),('L2YE1OWsGYcApsErwbdL1aSFeUJeyUVfwql1IrkK',NULL,'205.169.39.192','Mozilla/5.0 (Windows NT 6.1; Win64; x64) AppleWebKit/537.36 (KHTML, like Gecko) Chrome/83.0.4103.61 Safari/537.36','YTozOntzOjY6Il90b2tlbiI7czo0MDoiSU11NjdhVVhlTWN4T0JVbXYwTm1YQ3E5bjdLSmd1ZHoycnpGdVhObiI7czo5OiJfcHJldmlvdXMiO2E6MTp7czozOiJ1cmwiO3M6MzE6Imh0dHBzOi8vYXBpLm1pbmhhY290YWNhby5jb20uYnIiO31zOjY6Il9mbGFzaCI7YToyOntzOjM6Im9sZCI7YTowOnt9czozOiJuZXciO2E6MDp7fX19',1747309161),('l9e6Kkig2ixuowIkL5AnDLyk19rbjDpb8WNUicgv',NULL,'206.189.142.12','Mozilla/5.0 (X11; Linux x86_64) AppleWebKit/537.36 (KHTML, like Gecko) Chrome/137.0.0.0 Safari/537.36','YTozOntzOjY6Il90b2tlbiI7czo0MDoiU1FLbzJ4NlU1T0FKMlMwU1RCcE1iNkhzdm9uMkM2VmhhOWU5TklTeCI7czo5OiJfcHJldmlvdXMiO2E6MTp7czozOiJ1cmwiO3M6MzE6Imh0dHBzOi8vYXBpLm1pbmhhY290YWNhby5jb20uYnIiO31zOjY6Il9mbGFzaCI7YToyOntzOjM6Im9sZCI7YTowOnt9czozOiJuZXciO2E6MDp7fX19',1750786156),('LC4y9cOd4wf4BUzGXhJMugVe3u0IGUTFfB8kv4Qt',NULL,'107.174.224.18','Mozilla/5.0','YTozOntzOjY6Il90b2tlbiI7czo0MDoiSEZDSzZTa3JGUDk2Qld2azNaNkszdTBMWjk2M3ppOGx1RWN1MDl5UCI7czo5OiJfcHJldmlvdXMiO2E6MTp7czozOiJ1cmwiO3M6MzE6Imh0dHBzOi8vYXBpLm1pbmhhY290YWNhby5jb20uYnIiO31zOjY6Il9mbGFzaCI7YToyOntzOjM6Im9sZCI7YTowOnt9czozOiJuZXciO2E6MDp7fX19',1747308614),('LkP27I2P6c9Cu5d0Eo2NgC7OIBiNeUwiR5yIEsDY',NULL,'34.34.21.42','Scrapy/2.12.0 (+https://scrapy.org)','YTozOntzOjY6Il90b2tlbiI7czo0MDoiZ2tYQ21YbVNtY2FMY05uWll1VXl0c1JiUVBLdXZESFd3OUhBcEZFUSI7czo5OiJfcHJldmlvdXMiO2E6MTp7czozOiJ1cmwiO3M6MzE6Imh0dHBzOi8vYXBpLm1pbmhhY290YWNhby5jb20uYnIiO31zOjY6Il9mbGFzaCI7YToyOntzOjM6Im9sZCI7YTowOnt9czozOiJuZXciO2E6MDp7fX19',1746125271),('lXDY8Hm2Xto55HIVQznA6PmbxprDgQjEg6cMwFyO',NULL,'179.43.186.203','Mozilla/5.0 (Windows NT 10.0; Win64; x64) AppleWebKit/537.36 (KHTML, like Gecko) Chrome/123.0.0.0 Safari/537.36','YTozOntzOjY6Il90b2tlbiI7czo0MDoiRXJnc0hIdTE4R2UzZ3lhcndqYm9PajRoUW5ueWk4b3pHS2JYQlYxYSI7czo5OiJfcHJldmlvdXMiO2E6MTp7czozOiJ1cmwiO3M6MjE6Imh0dHBzOi8vNDUuMTg3LjE2Ni42MCI7fXM6NjoiX2ZsYXNoIjthOjI6e3M6Mzoib2xkIjthOjA6e31zOjM6Im5ldyI7YTowOnt9fX0=',1742921005),('Mr0DhelsLhsiAggH7SdARabDrLXpQLMj6gK2rUIJ',NULL,'27.115.124.104','Mozilla/5.0 (Macintosh; Intel Mac OS X 10_7_0) AppleWebKit/535.11 (KHTML, like Gecko) Chrome/17.0.963.56 Safari/535.11','YTozOntzOjY6Il90b2tlbiI7czo0MDoibFVGUUkwS1g2dDYzTWVmcTVKa2ZmVHd3N24zV2htM0pubjYydW5ISiI7czo5OiJfcHJldmlvdXMiO2E6MTp7czozOiJ1cmwiO3M6MzE6Imh0dHBzOi8vYXBpLm1pbmhhY290YWNhby5jb20uYnIiO31zOjY6Il9mbGFzaCI7YToyOntzOjM6Im9sZCI7YTowOnt9czozOiJuZXciO2E6MDp7fX19',1750279625),('MZdb8LImvvpye8GNx8ujs23rmLL427pWZp58mFv8',NULL,'178.32.72.210','Mozilla/5.0 (X11; Ubuntu; Linux x86_64; rv:134.0) Gecko/20100101 Firefox/134.0','YTozOntzOjY6Il90b2tlbiI7czo0MDoiS3d4bWJZSzluUERLSUc2T0lSOGRySnN5cE5ZdjBvcmh2Z29PQTNaYSI7czo5OiJfcHJldmlvdXMiO2E6MTp7czozOiJ1cmwiO3M6MzE6Imh0dHBzOi8vYXBpLm1pbmhhY290YWNhby5jb20uYnIiO31zOjY6Il9mbGFzaCI7YToyOntzOjM6Im9sZCI7YTowOnt9czozOiJuZXciO2E6MDp7fX19',1747343940),('N6Kbzvw3Fjn7YrpmCo0mTlPWTaT5FjFLDFzTx9LE',NULL,'13.217.104.33','Mozilla/5.0 (X11; Ubuntu; Linux i686; rv:24.0) Gecko/20100101 Firefox/24.0','YTozOntzOjY6Il90b2tlbiI7czo0MDoiMWxSVEdRZXo2amxXTmRCYTNnaFhUbGpoeVRxaHRJU2NtZEQ2bG1lbyI7czo5OiJfcHJldmlvdXMiO2E6MTp7czozOiJ1cmwiO3M6MzE6Imh0dHBzOi8vYXBpLm1pbmhhY290YWNhby5jb20uYnIiO31zOjY6Il9mbGFzaCI7YToyOntzOjM6Im9sZCI7YTowOnt9czozOiJuZXciO2E6MDp7fX19',1748034756),('NEmt9RIPokJPZHx3MZ80vWILkTOZ05kugfCHLGCD',NULL,'154.83.103.19','Mozilla/5.0 (Windows NT 10.0; Win64; x64) AppleWebKit/537.36 (KHTML, like Gecko) Chrome/91.0.4472.124 Safari/537.36','YTozOntzOjY6Il90b2tlbiI7czo0MDoiVDhZSm5uWDNDSjRGNGN6VlBiaXVrSWpQc05XaGtiWlF4bHBBTEwyTyI7czo5OiJfcHJldmlvdXMiO2E6MTp7czozOiJ1cmwiO3M6MzE6Imh0dHBzOi8vYXBpLm1pbmhhY290YWNhby5jb20uYnIiO31zOjY6Il9mbGFzaCI7YToyOntzOjM6Im9sZCI7YTowOnt9czozOiJuZXciO2E6MDp7fX19',1743647145),('nkrOD118RCn2U6tZly0846dG5NhDDHyFd7jpWQNr',NULL,'143.198.68.125','Mozilla/5.0 (X11; Linux x86_64) AppleWebKit/537.36 (KHTML, like Gecko) Chrome/135.0.0.0 Safari/537.36','YTozOntzOjY6Il90b2tlbiI7czo0MDoiN3Z3VXdMdGlSNVZweVNPTXlKU0dWNk5Edm1QM09FS2lySDhiQm85USI7czo5OiJfcHJldmlvdXMiO2E6MTp7czozOiJ1cmwiO3M6MzE6Imh0dHBzOi8vYXBpLm1pbmhhY290YWNhby5jb20uYnIiO31zOjY6Il9mbGFzaCI7YToyOntzOjM6Im9sZCI7YTowOnt9czozOiJuZXciO2E6MDp7fX19',1747098282),('O6UXYNB3gaNC4nSrKLLUy6vbRLa29XsZ4dNxgTRY',NULL,'167.94.146.51','','YTozOntzOjY6Il90b2tlbiI7czo0MDoicGtFMlRHM1hWUVFaekxHUE9MYjlLOGNUUTRFZ2NSd3JOd0FkUTRQbCI7czo5OiJfcHJldmlvdXMiO2E6MTp7czozOiJ1cmwiO3M6MjE6Imh0dHBzOi8vNDUuMTg3LjE2Ni42MCI7fXM6NjoiX2ZsYXNoIjthOjI6e3M6Mzoib2xkIjthOjA6e31zOjM6Im5ldyI7YTowOnt9fX0=',1742920958),('OmyEPCl5XiXlaBjAF8akrUoW4QGudquBjyAv0jqy',NULL,'34.122.147.229','Mozilla/5.0 (X11; Linux x86_64) AppleWebKit/537.36 (KHTML, like Gecko) HeadlessChrome/125.0.6422.60 Safari/537.36','YTozOntzOjY6Il90b2tlbiI7czo0MDoiaHUyYTR4dzdENHpLWDB1WWRqajhTbmFaWkFyZDNRbkVvbW5JNzNCMSI7czo5OiJfcHJldmlvdXMiO2E6MTp7czozOiJ1cmwiO3M6MzE6Imh0dHBzOi8vYXBpLm1pbmhhY290YWNhby5jb20uYnIiO31zOjY6Il9mbGFzaCI7YToyOntzOjM6Im9sZCI7YTowOnt9czozOiJuZXciO2E6MDp7fX19',1747308057),('ONkYGbPnTG7AV4CsX6UUkwGFGwCNrNaqfaIU99uw',NULL,'3.21.129.107','Mozilla/5.0 (Windows NT 6.1; WOW64; rv:7.0.1) Gecko/20100101 Firefox/7.0.1','YTozOntzOjY6Il90b2tlbiI7czo0MDoiY3h6cGF5WUZRb1pFbnkwVUU3WnBTeTZROUN6UkhRMnlpVlBmQlkzZyI7czo5OiJfcHJldmlvdXMiO2E6MTp7czozOiJ1cmwiO3M6MzE6Imh0dHBzOi8vYXBpLm1pbmhhY290YWNhby5jb20uYnIiO31zOjY6Il9mbGFzaCI7YToyOntzOjM6Im9sZCI7YTowOnt9czozOiJuZXciO2E6MDp7fX19',1746140823),('oOI41RdUtOZQ8t4w7LmUm41Sf6wG62NLrtbfa1UJ',NULL,'167.94.146.58','Mozilla/5.0 (compatible; CensysInspect/1.1; +https://about.censys.io/)','YTozOntzOjY6Il90b2tlbiI7czo0MDoiWVdpbmFkR3RDNW4yZE5xeUVTTjl5ZWZSQ3NPcUsxNjdDZng0cXNGeiI7czo5OiJfcHJldmlvdXMiO2E6MTp7czozOiJ1cmwiO3M6MzE6Imh0dHBzOi8vYXBpLm1pbmhhY290YWNhby5jb20uYnIiO31zOjY6Il9mbGFzaCI7YToyOntzOjM6Im9sZCI7YTowOnt9czozOiJuZXciO2E6MDp7fX19',1745180148),('Op1LMKdphjTYFUDUWpMFS5EOHQBp3slfmtYkJw44',NULL,'159.223.132.86','','YTozOntzOjY6Il90b2tlbiI7czo0MDoiakVTcTI1cXVuajJJVEpJM1E1cTc3cVQwbk9GZVdFOHFCZHpxRFkyNCI7czo5OiJfcHJldmlvdXMiO2E6MTp7czozOiJ1cmwiO3M6MzE6Imh0dHBzOi8vYXBpLm1pbmhhY290YWNhby5jb20uYnIiO31zOjY6Il9mbGFzaCI7YToyOntzOjM6Im9sZCI7YTowOnt9czozOiJuZXciO2E6MDp7fX19',1747152378),('opv8dcHFogvwpGX8FJEqezIuSY7D9a9mAqckQo0y',NULL,'172.111.15.81','Mozilla/5.0 (iPad; CPU OS 11_4 like Mac OS X) AppleWebKit/605.1.15 (KHTML, like Gecko) Version/11.0 Mobile/15E148 Safari/604.1','YTozOntzOjY6Il90b2tlbiI7czo0MDoiQmhIb3dNcGo5WkVmQU92TldwTkRVRkRzb2gwa2dESHNXMFl5WGpuZSI7czo5OiJfcHJldmlvdXMiO2E6MTp7czozOiJ1cmwiO3M6MzE6Imh0dHBzOi8vYXBpLm1pbmhhY290YWNhby5jb20uYnIiO31zOjY6Il9mbGFzaCI7YToyOntzOjM6Im9sZCI7YTowOnt9czozOiJuZXciO2E6MDp7fX19',1743358782),('oZUN5Drs2pPZqLs4CfBZf4GTfsor6ViY4jFubHNv',NULL,'27.115.124.96','Mozilla/5.0 (Macintosh; Intel Mac OS X 10_15_7) AppleWebKit/537.36 (KHTML, like Gecko) Chrome/120.0.0.0 Safari/537.36 Edg/120.0.0.0','YTozOntzOjY6Il90b2tlbiI7czo0MDoiQkhodG5QMGlkVktqUWpvZUtZcjZud1RPWVNGWmtFMktnT3F4b3k1TSI7czo5OiJfcHJldmlvdXMiO2E6MTp7czozOiJ1cmwiO3M6MzE6Imh0dHBzOi8vYXBpLm1pbmhhY290YWNhby5jb20uYnIiO31zOjY6Il9mbGFzaCI7YToyOntzOjM6Im9sZCI7YTowOnt9czozOiJuZXciO2E6MDp7fX19',1750279300),('PF7h6LPPmwCZpJcOlVNDlWqh75pfWdci4iGFMaFS',NULL,'3.146.111.124','Mozilla/5.0 zgrab/0.x','YTozOntzOjY6Il90b2tlbiI7czo0MDoiTktuYWJDbFhVMmpJSHFIeWs5QmhRWlk2NEVyUWNKRDVXdFM0ekpQNCI7czo5OiJfcHJldmlvdXMiO2E6MTp7czozOiJ1cmwiO3M6MzE6Imh0dHBzOi8vYXBpLm1pbmhhY290YWNhby5jb20uYnIiO31zOjY6Il9mbGFzaCI7YToyOntzOjM6Im9sZCI7YTowOnt9czozOiJuZXciO2E6MDp7fX19',1751540704),('pP76K07oo1cNOeiMDAFOrimfJ5Pvo6gfUPwlVIce',NULL,'147.185.132.51','Expanse, a Palo Alto Networks company, searches across the global IPv4 space multiple times per day to identify customers&#39; presences on the Internet. If you would like to be excluded from our scans, please send IP addresses/domains to: scaninfo@paloaltonetworks.com','YTozOntzOjY6Il90b2tlbiI7czo0MDoiallMNVRuZ1F4UDUzUHZCRHVVTUVwTVdITEN4TEk5ZUE1aGdRUmxBeiI7czo5OiJfcHJldmlvdXMiO2E6MTp7czozOiJ1cmwiO3M6MzE6Imh0dHBzOi8vYXBpLm1pbmhhY290YWNhby5jb20uYnIiO31zOjY6Il9mbGFzaCI7YToyOntzOjM6Im9sZCI7YTowOnt9czozOiJuZXciO2E6MDp7fX19',1744147997),('PvSxIHREUkY1kPTjjIeu2XAh95HQEMew4FJiEgvu',NULL,'35.204.145.47','Scrapy/2.12.0 (+https://scrapy.org)','YTozOntzOjY6Il90b2tlbiI7czo0MDoibmZTQUtJWWNLbk9Jc1pObDVkWWFHam5acUdLWWpPNmx4QTNyQlQ0USI7czo5OiJfcHJldmlvdXMiO2E6MTp7czozOiJ1cmwiO3M6MzE6Imh0dHBzOi8vYXBpLm1pbmhhY290YWNhby5jb20uYnIiO31zOjY6Il9mbGFzaCI7YToyOntzOjM6Im9sZCI7YTowOnt9czozOiJuZXciO2E6MDp7fX19',1751068589),('QJagSzV8WVaICmbP3oZha7WdZF16LOXzaJtKzkfx',NULL,'193.32.126.152','Mozilla/5.0 (Windows NT 10.0; Win64; x64) AppleWebKit/537.36 (KHTML, like Gecko) Chrome/110.0.0.0 Safari/537.36','YTozOntzOjY6Il90b2tlbiI7czo0MDoiNHZxeXR5N000ZWs3Wm1WSVlsT2oyUzREc0U2ZXRBSWxSOEs0NWVoMCI7czo5OiJfcHJldmlvdXMiO2E6MTp7czozOiJ1cmwiO3M6MzE6Imh0dHBzOi8vYXBpLm1pbmhhY290YWNhby5jb20uYnIiO31zOjY6Il9mbGFzaCI7YToyOntzOjM6Im9sZCI7YTowOnt9czozOiJuZXciO2E6MDp7fX19',1747453962),('qkRM1FEzGllgrcBE04x3TaKQ4oJAvkfp2KBBGSEb',NULL,'149.57.180.5','Mozilla/5.0 (X11; Linux i686; rv:109.0) Gecko/20100101 Firefox/120.0','YTozOntzOjY6Il90b2tlbiI7czo0MDoiaGVqNE5IZllEUnpJWkRzQjFISXJxU3BKaDVuWVhyWVNUMXlORWFnMCI7czo5OiJfcHJldmlvdXMiO2E6MTp7czozOiJ1cmwiO3M6MzE6Imh0dHBzOi8vYXBpLm1pbmhhY290YWNhby5jb20uYnIiO31zOjY6Il9mbGFzaCI7YToyOntzOjM6Im9sZCI7YTowOnt9czozOiJuZXciO2E6MDp7fX19',1744499415),('qWzjvH5W9BgbE9sRMln023n407lAaBy2W2CzdGrv',NULL,'150.136.146.238','Go-http-client/1.1','YTozOntzOjY6Il90b2tlbiI7czo0MDoiNHVtdGwxc3ZpcTVwbEdTbEw0R3Y5RHlJWVg1ZWgzcmpRNTJEbVNwMyI7czo5OiJfcHJldmlvdXMiO2E6MTp7czozOiJ1cmwiO3M6MzE6Imh0dHBzOi8vYXBpLm1pbmhhY290YWNhby5jb20uYnIiO31zOjY6Il9mbGFzaCI7YToyOntzOjM6Im9sZCI7YTowOnt9czozOiJuZXciO2E6MDp7fX19',1747152524),('R0rixxDZTAXZei5w3uzTojIDgihv1jwRXUaQvyyy',NULL,'87.236.176.126','Mozilla/5.0 (compatible; InternetMeasurement/1.0; +https://internet-measurement.com/)','YTozOntzOjY6Il90b2tlbiI7czo0MDoidzlwTFdodlp0d0JKVG5xQmNvSkZJVk9zZWpXMkZSQmMwS1ZpM0hEQyI7czo5OiJfcHJldmlvdXMiO2E6MTp7czozOiJ1cmwiO3M6MjE6Imh0dHBzOi8vNDUuMTg3LjE2Ni42MCI7fXM6NjoiX2ZsYXNoIjthOjI6e3M6Mzoib2xkIjthOjA6e31zOjM6Im5ldyI7YTowOnt9fX0=',1743007841),('r2iTJZowzGDbWbz9YTfe1ezYBFLAlMcmVw7w8wUX',NULL,'71.6.134.234','Mozilla/5.0 (Windows NT 10.0; Win64; x64) AppleWebKit/537.36 (KHTML, like Gecko) Chrome/133.0.0.0 Safari/537.36','YTozOntzOjY6Il90b2tlbiI7czo0MDoiWDdCdHh1RVcxeGNiZ2pNejF6bTd0TGJFeldVY0NoVDVLR2dYZDVPaCI7czo5OiJfcHJldmlvdXMiO2E6MTp7czozOiJ1cmwiO3M6MzE6Imh0dHBzOi8vYXBpLm1pbmhhY290YWNhby5jb20uYnIiO31zOjY6Il9mbGFzaCI7YToyOntzOjM6Im9sZCI7YTowOnt9czozOiJuZXciO2E6MDp7fX19',1747951857),('RBGiwySQIcSkKfIkdFSIG96K0DymZOZJMg59Hhza',NULL,'65.0.67.124','Mozilla/5.0','YTozOntzOjY6Il90b2tlbiI7czo0MDoibEFycmRMZjg2N0VNTmhEaHA4R0NZNTh5VEJ2bzFGMnZNbURXVHQzQyI7czo5OiJfcHJldmlvdXMiO2E6MTp7czozOiJ1cmwiO3M6MzE6Imh0dHBzOi8vYXBpLm1pbmhhY290YWNhby5jb20uYnIiO31zOjY6Il9mbGFzaCI7YToyOntzOjM6Im9sZCI7YTowOnt9czozOiJuZXciO2E6MDp7fX19',1744647017),('rE7jgqZqSCoI78sc2s9NFlrP60MpjKZzre2AkuqW',NULL,'88.195.55.189','','YTozOntzOjY6Il90b2tlbiI7czo0MDoib2RlZjJCSWlrQ21QUW8yUjZ6TVlYMG53bk9Dbzc1ZkZ6UWZ1N0NQWiI7czo5OiJfcHJldmlvdXMiO2E6MTp7czozOiJ1cmwiO3M6MjE6Imh0dHBzOi8vNDUuMTg3LjE2Ni42MCI7fXM6NjoiX2ZsYXNoIjthOjI6e3M6Mzoib2xkIjthOjA6e31zOjM6Im5ldyI7YTowOnt9fX0=',1743032761),('RW2wxIbLRrf4UrvSHtzm2bIRzJqA9yw5zWbQI87L',NULL,'91.38.137.81','Custom-AsyncHttpClient','YTozOntzOjY6Il90b2tlbiI7czo0MDoiMjNLd0ZrMHgxeVFEVktsUUM1OHRlZzdJVURKU2ZmUFpqeUt6VzVaSiI7czo5OiJfcHJldmlvdXMiO2E6MTp7czozOiJ1cmwiO3M6MTQ3OiJodHRwczovLzQ1LjE4Ny4xNjYuNjAvaW5kZXgucGhwP2Z1bmN0aW9uPWNhbGxfdXNlcl9mdW5jX2FycmF5JnM9JTJGaW5kZXglMkYlNUN0aGluayU1Q2FwcCUyRmludm9rZWZ1bmN0aW9uJnZhcnMlNUIwJTVEPW1kNSZ2YXJzJTVCMSU1RCU1QjAlNUQ9SGVsbG8iO31zOjY6Il9mbGFzaCI7YToyOntzOjM6Im9sZCI7YTowOnt9czozOiJuZXciO2E6MDp7fX19',1743013182),('S72P2neVlPYAQzTZfniorxghxvtSuUB5l2nkcjvo',NULL,'71.6.134.233','Mozilla/5.0 (Windows NT 10.0; Win64; x64) AppleWebKit/537.36 (KHTML, like Gecko) Chrome/133.0.0.0 Safari/537.36','YTozOntzOjY6Il90b2tlbiI7czo0MDoibXRqUVRKcW9TcEl5U2t4NkRmS2x3WVFwenp6aE1ReFFIUkhHRkMxSyI7czo5OiJfcHJldmlvdXMiO2E6MTp7czozOiJ1cmwiO3M6MzE6Imh0dHBzOi8vYXBpLm1pbmhhY290YWNhby5jb20uYnIiO31zOjY6Il9mbGFzaCI7YToyOntzOjM6Im9sZCI7YTowOnt9czozOiJuZXciO2E6MDp7fX19',1750183427),('s865SWdVBnXsR4oki4fEaCV1JBXw8n6HhUailsuk',NULL,'87.236.176.232','Mozilla/5.0 (compatible; InternetMeasurement/1.0; +https://internet-measurement.com/)','YTozOntzOjY6Il90b2tlbiI7czo0MDoiRjVaMTlpaTBxTFNocGxpdkhQMThDNkV5QUMzVDJ4QjBObExTazFMbyI7czo5OiJfcHJldmlvdXMiO2E6MTp7czozOiJ1cmwiO3M6MzE6Imh0dHBzOi8vYXBpLm1pbmhhY290YWNhby5jb20uYnIiO31zOjY6Il9mbGFzaCI7YToyOntzOjM6Im9sZCI7YTowOnt9czozOiJuZXciO2E6MDp7fX19',1746313667),('sGxU7qY5LbyV7eeGYUA0Z2nQBsDC8v32IllACIRa',NULL,'194.164.107.4','Mozilla/5.0 (Windows NT 10.0; Win64; x64) AppleWebKit/537.36 (KHTML, like Gecko) Chrome/133.0.0.0 Safari/537.36','YTozOntzOjY6Il90b2tlbiI7czo0MDoiZXlHc0Mwb0c3a2lBMW50akNtb1QxVkV6V3ZhY2xqZW9OQVNETEt5diI7czo5OiJfcHJldmlvdXMiO2E6MTp7czozOiJ1cmwiO3M6MzE6Imh0dHBzOi8vYXBpLm1pbmhhY290YWNhby5jb20uYnIiO31zOjY6Il9mbGFzaCI7YToyOntzOjM6Im9sZCI7YTowOnt9czozOiJuZXciO2E6MDp7fX19',1749668864),('SQcPREH9jqzQFsonGzvr8r05acJMEwCvamb02DXo',NULL,'92.255.57.58','Mozilla/5.0 (Windows NT 10.0; Win64; x64) AppleWebKit/537.36 (KHTML, like Gecko) Chrome/78.0.3904.108 Safari/537.36','YTozOntzOjY6Il90b2tlbiI7czo0MDoiNjRVeUh4RExYdUdGWGlibkhybVRtdjBrMlkzRnNES1dEalRNSDUxNCI7czo5OiJfcHJldmlvdXMiO2E6MTp7czozOiJ1cmwiO3M6NTI6Imh0dHBzOi8vNDUuMTg3LjE2Ni42MC8/WERFQlVHX1NFU1NJT05fU1RBUlQ9cGhwc3Rvcm0iO31zOjY6Il9mbGFzaCI7YToyOntzOjM6Im9sZCI7YTowOnt9czozOiJuZXciO2E6MDp7fX19',1743013964),('SSz7xGrQgufa93O1xCYDc3RbBkBC8ie2ZesPSwv2',NULL,'205.210.31.45','','YTozOntzOjY6Il90b2tlbiI7czo0MDoiTkFJTmtkZ3RmalFrYk9QcDdDdXJiSXh2dWhJNjN0RFFtOVVOM3hXdSI7czo5OiJfcHJldmlvdXMiO2E6MTp7czozOiJ1cmwiO3M6MzE6Imh0dHBzOi8vYXBpLm1pbmhhY290YWNhby5jb20uYnIiO31zOjY6Il9mbGFzaCI7YToyOntzOjM6Im9sZCI7YTowOnt9czozOiJuZXciO2E6MDp7fX19',1748806937),('STish9AouWasXp1pyUxitymuk9k3ePYeoOIFjEpF',NULL,'45.148.10.248','Mozilla/4.77 [en] (X11; I; IRIX;64 6.5 IP30)','YTozOntzOjY6Il90b2tlbiI7czo0MDoiVkxMUE4ydENKSXRBN1NPb3FpcWoyQXNCQ0o4REY0TmhYRmI5SVRyciI7czo5OiJfcHJldmlvdXMiO2E6MTp7czozOiJ1cmwiO3M6MzE6Imh0dHBzOi8vYXBpLm1pbmhhY290YWNhby5jb20uYnIiO31zOjY6Il9mbGFzaCI7YToyOntzOjM6Im9sZCI7YTowOnt9czozOiJuZXciO2E6MDp7fX19',1750541688),('tFLqaZvXII6jlixPt9CmXhcXh7mNLa8fbAVtmmeF',NULL,'205.169.39.192','Mozilla/5.0 (Windows NT 10.0; Win64; x64) AppleWebKit/537.36 (KHTML, like Gecko) Chrome/79.0.3945.79 Safari/537.36','YTozOntzOjY6Il90b2tlbiI7czo0MDoiR3VFQ3pZYUxjWEllUnRYQ2NQc21IQ2JqVWs5YTFZN3FJNGg2NWJJUyI7czo5OiJfcHJldmlvdXMiO2E6MTp7czozOiJ1cmwiO3M6MzE6Imh0dHBzOi8vYXBpLm1pbmhhY290YWNhby5jb20uYnIiO31zOjY6Il9mbGFzaCI7YToyOntzOjM6Im9sZCI7YTowOnt9czozOiJuZXciO2E6MDp7fX19',1747309186),('TnZEciQLQ4ehkoA7QgRMedg3197QDdl3opnpwaDG',NULL,'204.48.28.238','Mozilla/5.0 (compatible)','YTozOntzOjY6Il90b2tlbiI7czo0MDoiR0tVUFRnbTVmdWVPV0s3cTJGVlBBeTlMVGdQVUlRUmtTQkpKaTBsQyI7czo5OiJfcHJldmlvdXMiO2E6MTp7czozOiJ1cmwiO3M6MzE6Imh0dHBzOi8vYXBpLm1pbmhhY290YWNhby5jb20uYnIiO31zOjY6Il9mbGFzaCI7YToyOntzOjM6Im9sZCI7YTowOnt9czozOiJuZXciO2E6MDp7fX19',1745941623),('TQdk90jumjiTHVBSPUx8MHgjGpdSjP6TQZb2Xc1W',NULL,'3.253.161.190','Mozilla/5.0 (compatible; NetcraftSurveyAgent/1.0; +info@netcraft.com)','YTozOntzOjY6Il90b2tlbiI7czo0MDoiTWZuM25oTXBmeWZxMU1HaWdIUWh6M3J4Rk5QQWRiY0lkVGtCWWhuUyI7czo5OiJfcHJldmlvdXMiO2E6MTp7czozOiJ1cmwiO3M6MzE6Imh0dHBzOi8vYXBpLm1pbmhhY290YWNhby5jb20uYnIiO31zOjY6Il9mbGFzaCI7YToyOntzOjM6Im9sZCI7YTowOnt9czozOiJuZXciO2E6MDp7fX19',1748781284),('tQTkRjpGn2ierdhHyBw8YmzBxsKp0mJsn9jbEjHW',NULL,'178.128.25.102','Mozilla/5.0 (Windows NT 10.0; Win64; x64) AppleWebKit/537.36 (KHTML, like Gecko) Chrome/99.0.4859.172 Safari/537.36','YTozOntzOjY6Il90b2tlbiI7czo0MDoiZDRkbWFaRWZXa1VEemNrSnVOTnlXblZjeERka2xDMlVYNkZ5NmFNNCI7czo5OiJfcHJldmlvdXMiO2E6MTp7czozOiJ1cmwiO3M6MzE6Imh0dHBzOi8vYXBpLm1pbmhhY290YWNhby5jb20uYnIiO31zOjY6Il9mbGFzaCI7YToyOntzOjM6Im9sZCI7YTowOnt9czozOiJuZXciO2E6MDp7fX19',1749329623),('ugs687FqIjZhXm2BJIzDtOfKtm58mTBaHIOmx4DH',NULL,'20.171.207.45','Mozilla/5.0 AppleWebKit/537.36 (KHTML, like Gecko; compatible; GPTBot/1.2; +https://openai.com/gptbot)','YTozOntzOjY6Il90b2tlbiI7czo0MDoiOFJSNE1CdHRDYXYxMzBmVlRtM0psMTJ4UzU1QjdoN1Y3QkU3VzhXYiI7czo5OiJfcHJldmlvdXMiO2E6MTp7czozOiJ1cmwiO3M6MzE6Imh0dHBzOi8vYXBpLm1pbmhhY290YWNhby5jb20uYnIiO31zOjY6Il9mbGFzaCI7YToyOntzOjM6Im9sZCI7YTowOnt9czozOiJuZXciO2E6MDp7fX19',1750895123),('upG4MVf096X1tKQgEd4SVqZBojDC0CxpzO2gRQjI',NULL,'20.171.207.6','Mozilla/5.0 AppleWebKit/537.36 (KHTML, like Gecko; compatible; GPTBot/1.2; +https://openai.com/gptbot)','YTozOntzOjY6Il90b2tlbiI7czo0MDoidjVvY0g2QjJybGxHTGIwdmp3NVhYSFVlTjdJSEJRb0JBZTdWYkNhRyI7czo5OiJfcHJldmlvdXMiO2E6MTp7czozOiJ1cmwiO3M6MzE6Imh0dHBzOi8vYXBpLm1pbmhhY290YWNhby5jb20uYnIiO31zOjY6Il9mbGFzaCI7YToyOntzOjM6Im9sZCI7YTowOnt9czozOiJuZXciO2E6MDp7fX19',1750168001),('v4MCwbRzX3yOUyYf10c75e0a3IFFTYVAJVQJQZnm',NULL,'3.129.148.13','Mozilla/5.0 (Macintosh; Intel Mac OS X 10_15_7) Chrome/126.0.0.0 Safari/537.36','YTozOntzOjY6Il90b2tlbiI7czo0MDoiaE9Wekx6RTZLVHJUd3dNcnY2b0R5VDBZWDZxem5XMEFkWGsxYkx5dyI7czo5OiJfcHJldmlvdXMiO2E6MTp7czozOiJ1cmwiO3M6MjE6Imh0dHBzOi8vNDUuMTg3LjE2Ni42MCI7fXM6NjoiX2ZsYXNoIjthOjI6e3M6Mzoib2xkIjthOjA6e31zOjM6Im5ldyI7YTowOnt9fX0=',1743000765),('v8Pq8iej5qe1z7GDsj5uvmI5CsE5NRGxHdWHWmsU',NULL,'23.27.145.11','Mozilla/5.0 (X11; Linux i686; rv:109.0) Gecko/20100101 Firefox/120.0','YTozOntzOjY6Il90b2tlbiI7czo0MDoiQm5XM3hhMTR1WVNQSDg4QkN1MDdHNTRYTlJhVENEVnE0SU1HM1lTMSI7czo5OiJfcHJldmlvdXMiO2E6MTp7czozOiJ1cmwiO3M6MzE6Imh0dHBzOi8vYXBpLm1pbmhhY290YWNhby5jb20uYnIiO31zOjY6Il9mbGFzaCI7YToyOntzOjM6Im9sZCI7YTowOnt9czozOiJuZXciO2E6MDp7fX19',1744486896),('w5iAi8EfGI4DBfvk2IFxHlWcYouqaRDqzgkgwEiT',NULL,'34.86.118.217','Mozilla/5.0 (compatible; CMS-Checker/1.0; +https://example.com)','YTozOntzOjY6Il90b2tlbiI7czo0MDoia1pJUEhYbkJQa1pFNk01WUsyYXFaVkVBQzhId0NCN01wVmVRMERPcyI7czo5OiJfcHJldmlvdXMiO2E6MTp7czozOiJ1cmwiO3M6MzE6Imh0dHBzOi8vYXBpLm1pbmhhY290YWNhby5jb20uYnIiO31zOjY6Il9mbGFzaCI7YToyOntzOjM6Im9sZCI7YTowOnt9czozOiJuZXciO2E6MDp7fX19',1750004371),('We8KP4M40M7yyXQWJ5qBVRcx07XZOU2O4G1xHVqH',NULL,'107.174.224.18','Mozilla/5.0','YTozOntzOjY6Il90b2tlbiI7czo0MDoiTWVwV2tFdkpEUlQ0aUNnek5UWkU3dThrSGpYdUN0S203S3lYRDZLaiI7czo5OiJfcHJldmlvdXMiO2E6MTp7czozOiJ1cmwiO3M6MzE6Imh0dHBzOi8vYXBpLm1pbmhhY290YWNhby5jb20uYnIiO31zOjY6Il9mbGFzaCI7YToyOntzOjM6Im9sZCI7YTowOnt9czozOiJuZXciO2E6MDp7fX19',1746217766),('WfMFlmNSwb61LqQ2aBVikGroDvvP7jhIYYf9dYTv',NULL,'164.90.196.165','Mozilla/5.0 (compatible)','YTozOntzOjY6Il90b2tlbiI7czo0MDoicUFadWVyQzB3Sm5DNVhoRDZRcFNwVklrMTIxa3hzZ0dWMmhTaVNSbSI7czo5OiJfcHJldmlvdXMiO2E6MTp7czozOiJ1cmwiO3M6MzE6Imh0dHBzOi8vYXBpLm1pbmhhY290YWNhby5jb20uYnIiO31zOjY6Il9mbGFzaCI7YToyOntzOjM6Im9sZCI7YTowOnt9czozOiJuZXciO2E6MDp7fX19',1744689322),('wJkzubYRuUfnQk2JZ14YjcsLcRmFkUQ4IRkYp1yT',NULL,'154.83.103.19','Mozilla/5.0 (Windows NT 10.0; Win64; x64) AppleWebKit/537.36 (KHTML, like Gecko) Chrome/91.0.4472.124 Safari/537.36','YTozOntzOjY6Il90b2tlbiI7czo0MDoiMHZIaGpBcjQyRm5heFRNVERqczZvRmJJSkwzejNndjhkQ3FGWGVSbSI7czo5OiJfcHJldmlvdXMiO2E6MTp7czozOiJ1cmwiO3M6NDI6Imh0dHBzOi8vYXBpLm1pbmhhY290YWNhby5jb20uYnIvP3BocGluZm89MSI7fXM6NjoiX2ZsYXNoIjthOjI6e3M6Mzoib2xkIjthOjA6e31zOjM6Im5ldyI7YTowOnt9fX0=',1743647157),('WT1rdG5RrGARrsZLnNJ5stqvVRK1ysqSDbO85knY',NULL,'34.122.147.229','Mozilla/5.0 (X11; Linux x86_64) AppleWebKit/537.36 (KHTML, like Gecko) HeadlessChrome/125.0.6422.60 Safari/537.36','YTozOntzOjY6Il90b2tlbiI7czo0MDoieGpXdFVmbHBndnVRaXRHVzI0Y1c4WmpRMzNmTFFXTmd2TXFYT01tdiI7czo5OiJfcHJldmlvdXMiO2E6MTp7czozOiJ1cmwiO3M6MzE6Imh0dHBzOi8vYXBpLm1pbmhhY290YWNhby5jb20uYnIiO31zOjY6Il9mbGFzaCI7YToyOntzOjM6Im9sZCI7YTowOnt9czozOiJuZXciO2E6MDp7fX19',1747308010),('wZfcVuHDjiO0FGJa7qwu4koB0ETmPAZDJ468aVlw',NULL,'185.177.72.201','Mozilla/5.0 (Windows NT 10.0; Win64; x64) AppleWebKit/537.36 (KHTML, like Gecko) Chrome/91.0.4472.124 Safari/537.36','YTozOntzOjY6Il90b2tlbiI7czo0MDoiQmg3ZnhWQzV6NXdpTEo4REV2R2FGSVl2cVBTVU13RTBoQ2UxN2MzMiI7czo5OiJfcHJldmlvdXMiO2E6MTp7czozOiJ1cmwiO3M6NDI6Imh0dHBzOi8vYXBpLm1pbmhhY290YWNhby5jb20uYnIvP3BocGluZm89MSI7fXM6NjoiX2ZsYXNoIjthOjI6e3M6Mzoib2xkIjthOjA6e31zOjM6Im5ldyI7YTowOnt9fX0=',1749005513),('XoEsaVUrgJkC7B7UWgsMiFnvaSw0j9jvaU2DKVRY',NULL,'167.94.146.51','Mozilla/5.0 (compatible; CensysInspect/1.1; +https://about.censys.io/)','YTozOntzOjY6Il90b2tlbiI7czo0MDoiWjFPSUNWSlpRNUEyS0xTanpRYW85SkJPZVhKWThsWHFsUFVtRkRhNyI7czo5OiJfcHJldmlvdXMiO2E6MTp7czozOiJ1cmwiO3M6MjE6Imh0dHBzOi8vNDUuMTg3LjE2Ni42MCI7fXM6NjoiX2ZsYXNoIjthOjI6e3M6Mzoib2xkIjthOjA6e31zOjM6Im5ldyI7YTowOnt9fX0=',1742920962),('XrKOzYDhKaifJpy2TSSZd1irsA2QNobP5Pya0OT0',NULL,'205.169.39.21','Mozilla/5.0 (Windows NT 10.0; Win64; x64) AppleWebKit/537.36 (KHTML, like Gecko) Chrome/117.0.5938.132 Safari/537.36','YTozOntzOjY6Il90b2tlbiI7czo0MDoidnR4YzVORU9BMDNIbkRaRjQzd2RvRHNNZHBSQTJSMkVxNlVLOXhCayI7czo5OiJfcHJldmlvdXMiO2E6MTp7czozOiJ1cmwiO3M6MzE6Imh0dHBzOi8vYXBpLm1pbmhhY290YWNhby5jb20uYnIiO31zOjY6Il9mbGFzaCI7YToyOntzOjM6Im9sZCI7YTowOnt9czozOiJuZXciO2E6MDp7fX19',1747307987),('XUcA98ryZsVuKbjolsf66Hpxj5qwGWxVLIucMuNy',NULL,'193.37.69.104','','YTozOntzOjY6Il90b2tlbiI7czo0MDoiQnN5bGR2eUV3RndtWWFyRWRZWnhSWTJUSjdtZ3BrVGVKaWZseThqbyI7czo5OiJfcHJldmlvdXMiO2E6MTp7czozOiJ1cmwiO3M6MjE6Imh0dHBzOi8vNDUuMTg3LjE2Ni42MCI7fXM6NjoiX2ZsYXNoIjthOjI6e3M6Mzoib2xkIjthOjA6e31zOjM6Im5ldyI7YTowOnt9fX0=',1743017829),('zlstGnLQ6r3Xw9KOJZkCexvFsAUIygM1CWcYaBC6',NULL,'172.111.15.224','Mozilla/5.0 (iPhone; CPU iPhone OS 16_6_1 like Mac OS X) AppleWebKit/605.1.15 (KHTML, like Gecko) Version/16.5 Mobile/15E148 Safari/604.1','YTozOntzOjY6Il90b2tlbiI7czo0MDoiTk9wY0I3TDFDYkdxVUlmSTdIT0ZsTjZXeThaam5PRFByVXk0ZkdGZiI7czo5OiJfcHJldmlvdXMiO2E6MTp7czozOiJ1cmwiO3M6MzE6Imh0dHBzOi8vYXBpLm1pbmhhY290YWNhby5jb20uYnIiO31zOjY6Il9mbGFzaCI7YToyOntzOjM6Im9sZCI7YTowOnt9czozOiJuZXciO2E6MDp7fX19',1743207726),('zq2Cf7lFDnPuEPOHOZyweXUo7xxStW49qaowRwkF',NULL,'205.210.31.28','','YTozOntzOjY6Il90b2tlbiI7czo0MDoiVDEwVEQzRHJoYWhqVWFFOHlqQVowbDBMVnYxcndES1hwVVAweDFCSyI7czo5OiJfcHJldmlvdXMiO2E6MTp7czozOiJ1cmwiO3M6MzE6Imh0dHBzOi8vYXBpLm1pbmhhY290YWNhby5jb20uYnIiO31zOjY6Il9mbGFzaCI7YToyOntzOjM6Im9sZCI7YTowOnt9czozOiJuZXciO2E6MDp7fX19',1746977625),('zrY0v9BILmDt1sNkZeK7Xkkgu8nGeusUwTEpjXhr',NULL,'159.223.132.86','Mozilla/5.0 (Linux; Android 6.0; HTC One M9 Build/MRA75942) AppleWebKit/537.36 (KHTML, like Gecko) Chrome/52.0.7672.98 Mobile Safari/537.3','YTozOntzOjY6Il90b2tlbiI7czo0MDoiczhMUzRSRzkzZm52QVY5Z1NGV1hMOGhzNmdSUnZaS0hwaGZDRnM2MCI7czo5OiJfcHJldmlvdXMiO2E6MTp7czozOiJ1cmwiO3M6MzE6Imh0dHBzOi8vYXBpLm1pbmhhY290YWNhby5jb20uYnIiO31zOjY6Il9mbGFzaCI7YToyOntzOjM6Im9sZCI7YTowOnt9czozOiJuZXciO2E6MDp7fX19',1747152378),('zzl4dbETXyIih61xVxWdwxzC9zfyiFALeL7E1DW4',NULL,'159.223.209.189','Mozilla/4.0 (compatible; MSIE 9.0; Windows NT 10.0; .NET4.0C; .NET4.0E; .NET CLR 2.0.50727; .NET CLR 3.0.30729; .NET CLR 3.5.30729)','YTozOntzOjY6Il90b2tlbiI7czo0MDoiTmp3WTdEQUZoNEdvanVSMkJzeU41VU5JWUZPSTM0YTJhaFJHU3FPTiI7czo5OiJfcHJldmlvdXMiO2E6MTp7czozOiJ1cmwiO3M6MjE6Imh0dHBzOi8vNDUuMTg3LjE2Ni42MCI7fXM6NjoiX2ZsYXNoIjthOjI6e3M6Mzoib2xkIjthOjA6e31zOjM6Im5ldyI7YTowOnt9fX0=',1743026896);
/*!40000 ALTER TABLE `sessions` ENABLE KEYS */;
UNLOCK TABLES;

--
-- Table structure for table `users`
--

DROP TABLE IF EXISTS `users`;
/*!40101 SET @saved_cs_client     = @@character_set_client */;
/*!50503 SET character_set_client = utf8mb4 */;
CREATE TABLE `users` (
  `id` bigint unsigned NOT NULL AUTO_INCREMENT,
  `name` varchar(255) CHARACTER SET utf8mb4 COLLATE utf8mb4_unicode_ci NOT NULL,
  `last_name` varchar(255) CHARACTER SET utf8mb4 COLLATE utf8mb4_unicode_ci NOT NULL,
  `email` varchar(255) CHARACTER SET utf8mb4 COLLATE utf8mb4_unicode_ci NOT NULL,
  `email_verified_at` timestamp NULL DEFAULT NULL,
  `password` varchar(255) CHARACTER SET utf8mb4 COLLATE utf8mb4_unicode_ci NOT NULL,
  `address` varchar(255) CHARACTER SET utf8mb4 COLLATE utf8mb4_unicode_ci DEFAULT NULL,
  `city` varchar(255) CHARACTER SET utf8mb4 COLLATE utf8mb4_unicode_ci DEFAULT NULL,
  `country` varchar(255) CHARACTER SET utf8mb4 COLLATE utf8mb4_unicode_ci DEFAULT NULL,
  `zip_code` varchar(255) CHARACTER SET utf8mb4 COLLATE utf8mb4_unicode_ci DEFAULT NULL,
  `phone_number` varchar(255) CHARACTER SET utf8mb4 COLLATE utf8mb4_unicode_ci DEFAULT NULL,
  `profile_image` varchar(255) CHARACTER SET utf8mb4 COLLATE utf8mb4_unicode_ci DEFAULT NULL,
  `profile_completed` varchar(255) CHARACTER SET utf8mb4 COLLATE utf8mb4_unicode_ci NOT NULL DEFAULT '0',
  `remember_token` varchar(100) CHARACTER SET utf8mb4 COLLATE utf8mb4_unicode_ci DEFAULT NULL,
  `created_at` timestamp NULL DEFAULT NULL,
  `updated_at` timestamp NULL DEFAULT NULL,
  `role` varchar(255) CHARACTER SET utf8mb4 COLLATE utf8mb4_unicode_ci NOT NULL DEFAULT 'user',
  `empresa_id` bigint unsigned DEFAULT NULL,
  PRIMARY KEY (`id`),
  UNIQUE KEY `users_email_unique` (`email`),
  KEY `users_empresa_id_foreign` (`empresa_id`),
  CONSTRAINT `users_empresa_id_foreign` FOREIGN KEY (`empresa_id`) REFERENCES `empresas` (`id`) ON DELETE CASCADE
) ENGINE=InnoDB AUTO_INCREMENT=33 DEFAULT CHARSET=utf8mb4 COLLATE=utf8mb4_unicode_ci;
/*!40101 SET character_set_client = @saved_cs_client */;

--
-- Dumping data for table `users`
--

LOCK TABLES `users` WRITE;
/*!40000 ALTER TABLE `users` DISABLE KEYS */;
INSERT INTO `users` VALUES (2,'GERENCIADOR','MASTER','gerenciadormaster@email.com',NULL,'$2y$12$AfI2F610Ajn2fmC2NxDAlO.x7Br8eXwDgn9GYxt5vZZOJrCAUodOK','','','','','(00) 00000-0000','','0',NULL,'2025-03-13 16:16:41','2025-06-14 19:47:50','master',NULL),(4,'MAURICIO','GAMA CONFECCOES','financeiro@uzibones.com.br',NULL,'$2y$12$drN8uY0TlzF6r4Av6yfHf.29S9aVPBWQMl2TfRV1qwyv6AIjgNsY.',NULL,NULL,NULL,NULL,'(43) 99919-1597',NULL,'0',NULL,'2025-03-13 17:13:59','2025-03-13 17:14:21','admin',1),(5,'MARCELO','CARVALHO','marcelo.uzibones@gmail.com',NULL,'$2y$12$EDeABYLcRyR2wYSEj64Fo./Y8nM61cEImxs7rCxkOFCaeJnXlkMHm',NULL,NULL,NULL,NULL,'(41) 98874-3156',NULL,'0',NULL,'2025-03-14 13:23:27','2025-03-14 13:23:27','user',1),(7,'AMABILE','PIACENTINE DROGUI','amabile.piacentini@gmail.com',NULL,'$2y$12$HeEH/fBMVUPOig4Cf6r8MOlav6L9UlUVcyqMCQVP1P8Z.qyFLfy9u',NULL,NULL,NULL,NULL,'(43) 99646-9205',NULL,'0',NULL,'2025-03-14 19:55:06','2025-06-27 00:35:17','user',1),(8,'BRUNO','CARBONERO RODRIGUES','bruno@ledmark.com.br',NULL,'$2y$12$Xqkj7mHFOEVqSghPCpvHN.N87EK7FO7kQ5tuERK3WptpjG7RyRreq',NULL,NULL,NULL,NULL,'(11) 97680-0377',NULL,'0',NULL,'2025-03-14 19:55:33','2025-03-18 01:40:31','user',1),(9,'CRISTINA','CAMARGO','cristina@uzibones.com.br',NULL,'$2y$12$eHSDnFKOEfdExy0YLA6OV.70QIlevtBRvrmeZwhcf1JbmNqpq5Feq',NULL,NULL,NULL,NULL,'(43) 99962-0574',NULL,'0',NULL,'2025-03-14 19:55:58','2025-03-14 19:55:58','user',1),(10,'FERNANDO','NOLE','artes@uzibones.com.br',NULL,'$2y$12$xmrS9ZfAtMVjbBzpDVBjg.4eKnsawBtkNvcNR5We6S6N.nhhdrF3O',NULL,NULL,NULL,NULL,'(43) 99978-0878',NULL,'0',NULL,'2025-03-14 19:56:20','2025-03-14 19:56:20','user',1),(11,'ORLANDO','PRADO','fornecedorcamisetas@gmail.com',NULL,'$2y$12$KssWMyva17ehJIeVEfo17.K8aTJqAP71ZeZ.rlOZPDVJEalrN8MY.',NULL,NULL,NULL,NULL,'(16) 99810-5355',NULL,'0',NULL,'2025-03-14 19:58:23','2025-03-25 17:24:25','user',1),(12,'HOMERO','RIBEIRO','contato@hrtextil.com',NULL,'$2y$12$b4yMc6FpNYT6GdVfUyG9l.YD9HZkpSd7safx289YiPq.iOjplVB0a',NULL,NULL,NULL,NULL,'(43) 99999-9999',NULL,'0',NULL,'2025-03-14 19:59:10','2025-03-25 17:25:00','user',1),(13,'JOSIANE','BERNADINELI','vendas.uzibrindes@gmail.com',NULL,'$2y$12$1EaZZuC6bhaSXR1MX/9S0O.HFQ8H.wIa/qn9Q3CCmubPvxZPbJbAG',NULL,NULL,NULL,NULL,'(43) 98817-0355',NULL,'0',NULL,'2025-03-14 19:59:42','2025-03-25 17:25:33','user',1),(14,'LIGIA','KREB','vendas@ligiakreb.com.br',NULL,'$2y$12$CGvS8yUv56cqfc/AcqCbjOovH.HP0dESoaov3aweZAqWSJ6McCjhK',NULL,NULL,NULL,NULL,'(43) 99674-2625',NULL,'0',NULL,'2025-03-14 20:00:08','2025-03-25 17:25:38','user',1),(15,'LUIZ','ALVES','ledmark@ledmark.com.br',NULL,'$2y$12$T2ZUBtEJVCiFjgiW.W1SJeKZUUZCVTZBslr4nmZ..0Bw6r3KZVd1e',NULL,NULL,NULL,NULL,'(11) 99657-8941',NULL,'0',NULL,'2025-03-14 20:00:45','2025-03-25 17:25:44','user',1),(16,'MAICON','GAMA','maicon.gama@uzibones.com.br',NULL,'$2y$12$ha5roTKlxp2YmfAWYOgeWutEqIWYauN53QO9EODLE1lyL2xJMD3NS',NULL,NULL,NULL,NULL,'(43) 99157-4460',NULL,'0',NULL,'2025-03-14 20:01:11','2025-03-25 17:25:51','user',1),(17,'MARCIA','ALMEIDA','vendas.marciadealmeida@gmail.com',NULL,'$2y$12$wdSDwNeXXch5r/qUGlix9e7BAWlFf7w2/a01ccgiPZpRrNqVXUXN6',NULL,NULL,NULL,NULL,'(43) 99690-9979',NULL,'0',NULL,'2025-03-14 20:01:28','2025-03-25 17:26:05','user',1),(18,'MAURICIO','GAMA','vendas@uzibones.com.br',NULL,'$2y$12$J3oa2kUau.pszCxiybBjbObwEhTT5hA9fEL0s87HOT/C8kiW4KMy.',NULL,NULL,NULL,NULL,'(43) 99101-1424',NULL,'0',NULL,'2025-03-14 20:01:53','2025-03-25 17:26:08','user',1),(19,'VIVIANE','NOLI','vivi.noli@gmail.com',NULL,'$2y$12$hSp15ZGAGjEvwO0LZ/YoguOgAHf/JomGehMK/7upRgYhjqEX8Fjey',NULL,NULL,NULL,NULL,'(43) 99989-9792',NULL,'0',NULL,'2025-03-14 20:02:15','2025-03-25 17:26:15','user',1),(20,'VIVIANI','BERNADINELI','vivianibernardineli211@hotmail.com',NULL,'$2y$12$JhzFLEuiKP3W6k6pd59plepRfAA7yRjaGRmUy/ynxdS5LsydiPwWW',NULL,NULL,NULL,NULL,'(43) 99908-2613',NULL,'0',NULL,'2025-03-14 20:02:31','2025-03-24 13:16:16','user',1),(24,'MARCELO','ANESIO','marcelobrindematik@gmail.com',NULL,'$2y$12$yPFtJ7wfgDUNO/UoUBt3eueqCTH9q3fIDHfz9Jl8gq2CoxUDla6Gy',NULL,NULL,NULL,NULL,'(11) 99271-6643',NULL,'0',NULL,'2025-06-06 17:28:26','2025-06-06 17:28:26','user',1),(28,'COTTON','REVENDEDOR','UZIBONESPROMOCIONAIS@GMAIL.COM',NULL,'$2y$12$TIXeryjBdIC8c.X2vYkrLe688U5CSXhEk2zUPtTMCft7FI/ZqvHn.',NULL,NULL,NULL,NULL,'(43) 99919-1597',NULL,'0',NULL,'2025-06-16 13:11:30','2025-06-16 14:24:09','admin',2),(29,'COTTON','USUARIO','faturamento@uzibones.com.br',NULL,'$2y$12$IuFp07OO4iZJZctoXnyddOZApaAMps8o2fx7m5P/lsMMKVM/qNQ0i',NULL,NULL,NULL,NULL,'(43) 99919-1597',NULL,'0',NULL,'2025-06-16 13:52:47','2025-06-16 13:52:47','user',2),(30,'PROGRAMADOR','MANUTENCAO','programador@email.com',NULL,'$2y$12$JfjO5Vz0qw9p391q5jKICeywuBLop6kM9scWjgHzlYw.nmliOgQda',NULL,NULL,NULL,NULL,'(00) 00000-0000',NULL,'0',NULL,'2025-06-16 17:41:45','2025-06-16 22:55:33','admin',2),(32,'BRENDO','MARINHO','brendoomarinho@gmail.com',NULL,'$2y$12$tKGvE7mZNGOtW1s1KnfFEuOpNTeUNeIpNnkw/T07ka8iC7paU8Il6',NULL,NULL,NULL,NULL,'(62) 99825-1802',NULL,'0',NULL,'2025-06-16 22:53:29','2025-06-16 22:53:29','admin',1);
/*!40000 ALTER TABLE `users` ENABLE KEYS */;
UNLOCK TABLES;
/*!40103 SET TIME_ZONE=@OLD_TIME_ZONE */;

/*!40101 SET SQL_MODE=@OLD_SQL_MODE */;
/*!40014 SET FOREIGN_KEY_CHECKS=@OLD_FOREIGN_KEY_CHECKS */;
/*!40014 SET UNIQUE_CHECKS=@OLD_UNIQUE_CHECKS */;
/*!40101 SET CHARACTER_SET_CLIENT=@OLD_CHARACTER_SET_CLIENT */;
/*!40101 SET CHARACTER_SET_RESULTS=@OLD_CHARACTER_SET_RESULTS */;
/*!40101 SET COLLATION_CONNECTION=@OLD_COLLATION_CONNECTION */;
/*!40111 SET SQL_NOTES=@OLD_SQL_NOTES */;

-- Dump completed on 2025-07-04 12:53:01
